origin,destination,carrier,month,day_of_week,port_congestion,weather_severity,is_holiday_season,is_monsoon,base_transit_days,delay_days
Shanghai,Kolkata,msc,11,4,0.597,0.446,1,0,16,5.8
Rotterdam,Mumbai,msc,8,2,0.021,0.97,0,1,22,0.0
Singapore,Chennai,cma_cgm,6,1,0.182,0.183,0,1,10,3.7
Singapore,Chennai,dhl,1,2,0.612,0.139,1,0,10,0.4
Singapore,Chennai,msc,3,3,0.514,0.592,0,0,10,4.3
Rotterdam,Mumbai,dhl,7,1,0.949,0.966,0,1,22,4.1
Guangzhou,Kolkata,fedex,9,1,0.098,0.684,0,1,14,0.0
Rotterdam,Mumbai,maersk,1,3,0.182,0.755,1,0,22,3.9
Hamburg,Kolkata,cma_cgm,6,1,0.568,0.031,0,1,25,3.4
Guangzhou,Kolkata,cma_cgm,4,5,0.727,0.327,0,0,14,7.8
Hamburg,Kolkata,msc,9,5,0.325,0.389,0,1,25,9.0
Guangzhou,Kolkata,dhl,12,3,0.543,0.141,1,0,14,2.3
Shanghai,Kolkata,ups,1,0,0.987,0.772,1,0,16,9.0
Dubai,Mumbai,maersk,1,2,0.074,0.358,1,0,7,5.3
Shanghai,Mumbai,msc,7,0,0.623,0.331,0,1,18,4.7
Colombo,Mumbai,ups,3,3,0.638,0.887,0,0,5,3.7
Shanghai,Mumbai,maersk,5,6,0.713,0.761,0,0,18,10.9
Shanghai,Kolkata,maersk,9,6,0.428,0.025,0,1,16,4.8
Rotterdam,Mumbai,maersk,7,0,0.314,0.509,0,1,22,3.2
Rotterdam,Mumbai,maersk,4,4,0.077,0.29,0,0,22,3.2
Hamburg,Kolkata,msc,2,1,0.808,0.633,0,0,25,6.8
Singapore,Chennai,msc,11,1,0.122,0.356,1,0,10,4.6
Hamburg,Kolkata,dhl,1,0,0.648,0.001,1,0,25,0.0
Hamburg,Kolkata,maersk,9,5,0.222,0.12,0,1,25,0.0
Singapore,Chennai,maersk,6,0,0.404,0.065,0,1,10,2.1
Shanghai,Kolkata,fedex,3,0,0.148,0.998,0,0,16,0.0
Dubai,Mumbai,dhl,2,1,0.411,0.033,0,0,7,3.7
Hamburg,Kolkata,fedex,5,3,0.448,0.553,0,0,25,0.0
Shanghai,Kolkata,msc,7,2,0.37,0.242,0,1,16,3.9
Guangzhou,Kolkata,cma_cgm,6,2,0.816,0.798,0,1,14,11.2
Shanghai,Mumbai,msc,11,5,0.696,0.858,1,0,18,2.9
Guangzhou,Kolkata,maersk,3,3,0.645,0.174,0,0,14,1.4
Shanghai,Mumbai,fedex,8,0,0.676,0.735,0,1,18,6.2
Guangzhou,Kolkata,maersk,7,3,0.175,0.982,0,1,14,0.3
Singapore,Chennai,msc,1,1,0.996,0.965,1,0,10,10.7
Shanghai,Kolkata,dhl,9,2,0.7,0.847,0,1,16,6.0
Singapore,Chennai,cma_cgm,8,0,0.642,0.084,0,1,10,5.4
Rotterdam,Mumbai,fedex,2,1,0.692,0.652,0,0,22,0.2
Shanghai,Mumbai,msc,1,3,0.237,0.325,1,0,18,7.5
Shanghai,Kolkata,maersk,1,0,0.543,0.509,1,0,16,9.5
Hamburg,Kolkata,cma_cgm,6,5,0.393,0.892,0,1,25,12.7
Hamburg,Kolkata,dhl,12,6,0.493,0.195,1,0,25,7.1
Rotterdam,Mumbai,maersk,4,2,0.769,0.044,0,0,22,3.6
Hamburg,Kolkata,ups,6,2,0.748,0.953,0,1,25,7.3
Rotterdam,Mumbai,dhl,5,6,0.964,0.853,0,0,22,0.8
Shanghai,Kolkata,dhl,3,1,0.557,0.936,0,0,16,0.0
Guangzhou,Kolkata,maersk,8,5,0.097,0.615,0,1,14,6.8
Shanghai,Mumbai,dhl,9,2,0.709,0.553,0,1,18,5.1
Guangzhou,Kolkata,fedex,3,1,0.867,0.913,0,0,14,6.5
Rotterdam,Mumbai,msc,1,5,0.796,0.89,1,0,22,27.0
Shanghai,Kolkata,msc,2,1,0.438,0.672,0,0,16,1.2
Hamburg,Kolkata,ups,6,1,0.86,0.25,0,1,25,2.5
Guangzhou,Kolkata,cma_cgm,6,2,0.127,0.522,0,1,14,1.5
Rotterdam,Mumbai,msc,6,4,0.194,0.411,0,1,22,7.3
Dubai,Mumbai,msc,2,3,0.715,0.041,0,0,7,1.1
Guangzhou,Kolkata,fedex,5,1,0.963,0.836,0,0,14,0.0
Shanghai,Mumbai,msc,5,0,0.173,0.156,0,0,18,3.1
Colombo,Mumbai,dhl,8,4,0.28,0.955,0,1,5,2.4
Shanghai,Kolkata,ups,6,4,0.42,0.248,0,1,16,7.3
Shanghai,Mumbai,ups,12,4,0.094,0.311,1,0,18,0.0
Hamburg,Kolkata,msc,5,3,0.017,0.763,0,0,25,0.0
Hamburg,Kolkata,cma_cgm,5,6,0.048,0.949,0,0,25,9.3
Singapore,Chennai,fedex,4,6,0.015,0.933,0,0,10,8.0
Rotterdam,Mumbai,msc,8,6,0.944,0.867,0,1,22,8.2
Colombo,Mumbai,maersk,4,3,0.388,0.643,0,0,5,5.5
Rotterdam,Mumbai,msc,3,0,0.961,0.905,0,0,22,0.0
Singapore,Chennai,ups,12,6,0.377,0.039,1,0,10,0.3
Guangzhou,Kolkata,ups,10,1,0.023,0.814,0,0,14,4.9
Shanghai,Mumbai,msc,10,4,0.348,0.937,0,0,18,3.7
Rotterdam,Mumbai,dhl,4,1,0.423,0.569,0,0,22,0.0
Dubai,Mumbai,dhl,3,3,0.372,0.776,0,0,7,3.6
Rotterdam,Mumbai,msc,1,6,0.751,0.755,1,0,22,6.3
Shanghai,Mumbai,cma_cgm,1,0,0.505,0.826,1,0,18,9.0
Shanghai,Mumbai,msc,12,4,0.905,0.091,1,0,18,5.4
Shanghai,Kolkata,msc,4,2,0.493,0.083,0,0,16,3.5
Singapore,Chennai,maersk,5,3,0.946,0.781,0,0,10,4.2
Shanghai,Kolkata,ups,5,1,0.974,0.996,0,0,16,11.1
Shanghai,Kolkata,msc,9,1,0.837,0.867,0,1,16,8.6
Hamburg,Kolkata,cma_cgm,8,1,0.397,0.892,0,1,25,5.7
Hamburg,Kolkata,maersk,8,4,0.371,0.813,0,1,25,0.0
Shanghai,Kolkata,dhl,4,3,0.376,0.084,0,0,16,2.1
Dubai,Mumbai,fedex,10,2,0.111,0.493,0,0,7,4.1
Rotterdam,Mumbai,fedex,12,5,0.056,0.119,1,0,22,3.8
Shanghai,Mumbai,maersk,12,5,0.4,0.478,1,0,18,1.7
Shanghai,Mumbai,dhl,6,4,0.963,0.012,0,1,18,5.2
Dubai,Mumbai,msc,5,3,0.554,0.969,0,0,7,6.9
Guangzhou,Kolkata,dhl,1,5,0.294,0.996,1,0,14,2.0
Shanghai,Kolkata,dhl,11,3,0.959,0.058,1,0,16,10.0
Hamburg,Kolkata,msc,8,3,0.336,0.17,0,1,25,0.0
Singapore,Chennai,fedex,12,3,0.36,0.26,1,0,10,6.8
Dubai,Mumbai,cma_cgm,1,0,0.31,0.814,1,0,7,3.7
Hamburg,Kolkata,maersk,6,1,0.417,0.581,0,1,25,7.8
Shanghai,Mumbai,fedex,10,5,0.866,0.045,0,0,18,3.0
Shanghai,Mumbai,fedex,1,2,0.594,0.381,1,0,18,3.7
Hamburg,Kolkata,maersk,11,0,0.838,0.469,1,0,25,0.0
Colombo,Mumbai,cma_cgm,12,0,0.534,0.75,1,0,5,5.6
Dubai,Mumbai,ups,7,4,0.726,0.757,0,1,7,3.0
Shanghai,Mumbai,cma_cgm,1,2,0.275,0.207,1,0,18,1.6
Shanghai,Mumbai,dhl,8,1,0.358,0.114,0,1,18,3.6
Hamburg,Kolkata,maersk,11,1,0.852,0.552,1,0,25,19.3
Rotterdam,Mumbai,cma_cgm,11,0,0.59,0.48,1,0,22,12.9
Hamburg,Kolkata,fedex,11,2,0.903,0.617,1,0,25,4.2
Guangzhou,Kolkata,cma_cgm,2,1,0.637,0.555,0,0,14,5.0
Shanghai,Mumbai,cma_cgm,1,6,0.397,0.622,1,0,18,3.6
Dubai,Mumbai,dhl,5,4,0.147,0.927,0,0,7,0.0
Colombo,Mumbai,ups,2,5,0.493,0.329,0,0,5,2.4
Dubai,Mumbai,maersk,11,2,0.537,0.46,1,0,7,2.0
Colombo,Mumbai,msc,8,3,0.346,0.897,0,1,5,7.0
Dubai,Mumbai,maersk,2,4,0.192,0.041,0,0,7,0.3
Rotterdam,Mumbai,cma_cgm,5,5,0.121,0.461,0,0,22,0.0
Guangzhou,Kolkata,cma_cgm,2,0,0.503,0.69,0,0,14,1.9
Hamburg,Kolkata,maersk,1,1,0.868,0.085,1,0,25,7.4
Dubai,Mumbai,ups,4,6,0.537,0.924,0,0,7,5.3
Hamburg,Kolkata,fedex,10,5,0.148,0.133,0,0,25,0.0
Dubai,Mumbai,cma_cgm,11,6,0.03,0.867,1,0,7,2.1
Colombo,Mumbai,dhl,7,4,0.182,0.564,0,1,5,1.2
Shanghai,Mumbai,cma_cgm,10,5,0.12,0.891,0,0,18,9.6
Dubai,Mumbai,dhl,2,6,0.584,0.737,0,0,7,5.1
Shanghai,Kolkata,dhl,12,2,0.379,0.337,1,0,16,4.4
Dubai,Mumbai,maersk,6,4,0.934,0.008,0,1,7,7.4
Rotterdam,Mumbai,cma_cgm,6,6,0.488,0.851,0,1,22,6.6
Dubai,Mumbai,msc,6,5,0.258,0.171,0,1,7,5.5
Dubai,Mumbai,cma_cgm,9,1,0.557,0.572,0,1,7,7.3
Hamburg,Kolkata,fedex,6,3,0.425,0.508,0,1,25,0.0
Shanghai,Mumbai,msc,1,1,0.768,0.087,1,0,18,9.1
Rotterdam,Mumbai,maersk,3,0,0.369,0.454,0,0,22,2.9
Rotterdam,Mumbai,fedex,12,1,0.322,0.81,1,0,22,8.8
Shanghai,Mumbai,dhl,11,6,0.472,0.412,1,0,18,0.0
Hamburg,Kolkata,dhl,5,5,0.746,0.409,0,0,25,0.3
Shanghai,Mumbai,cma_cgm,12,4,0.14,0.795,1,0,18,0.0
Hamburg,Kolkata,msc,3,4,0.186,0.236,0,0,25,6.5
Shanghai,Mumbai,ups,10,0,0.683,0.452,0,0,18,4.4
Colombo,Mumbai,cma_cgm,3,4,0.301,0.748,0,0,5,1.7
Shanghai,Mumbai,fedex,5,2,0.543,0.432,0,0,18,2.8
Dubai,Mumbai,maersk,8,1,0.139,0.794,0,1,7,5.4
Shanghai,Kolkata,maersk,4,4,0.152,0.312,0,0,16,8.5
Rotterdam,Mumbai,maersk,7,0,0.034,0.57,0,1,22,5.7
Shanghai,Mumbai,cma_cgm,6,4,0.111,0.846,0,1,18,5.6
Colombo,Mumbai,msc,8,6,0.797,0.15,0,1,5,6.5
Guangzhou,Kolkata,maersk,3,2,0.566,0.716,0,0,14,1.4
Dubai,Mumbai,ups,4,2,0.959,0.343,0,0,7,3.5
Guangzhou,Kolkata,cma_cgm,11,3,0.912,0.139,1,0,14,2.2
Guangzhou,Kolkata,dhl,1,6,0.726,0.593,1,0,14,9.2
Shanghai,Kolkata,fedex,9,5,0.077,0.104,0,1,16,3.7
Shanghai,Mumbai,cma_cgm,11,6,0.123,0.236,1,0,18,2.0
Shanghai,Kolkata,dhl,1,6,0.311,0.227,1,0,16,1.9
Shanghai,Kolkata,ups,9,4,0.335,0.803,0,1,16,6.8
Dubai,Mumbai,cma_cgm,2,6,0.347,0.738,0,0,7,0.0
Shanghai,Mumbai,maersk,11,3,0.913,0.248,1,0,18,1.9
Rotterdam,Mumbai,dhl,1,4,0.581,0.632,1,0,22,6.5
Singapore,Chennai,fedex,5,0,0.178,0.961,0,0,10,1.8
Singapore,Chennai,ups,8,0,0.3,0.31,0,1,10,0.9
Hamburg,Kolkata,maersk,11,2,0.349,0.468,1,0,25,0.0
Colombo,Mumbai,maersk,2,0,0.776,0.453,0,0,5,6.0
Guangzhou,Kolkata,cma_cgm,12,0,0.401,0.56,1,0,14,4.3
Rotterdam,Mumbai,maersk,10,1,0.897,0.527,0,0,22,3.3
Shanghai,Mumbai,msc,2,6,0.659,0.027,0,0,18,0.7
Dubai,Mumbai,ups,8,5,0.339,0.569,0,1,7,2.3
Dubai,Mumbai,dhl,12,6,0.721,0.805,1,0,7,6.0
Hamburg,Kolkata,maersk,4,3,0.668,0.205,0,0,25,4.0
Shanghai,Kolkata,fedex,7,1,0.086,0.208,0,1,16,0.0
Guangzhou,Kolkata,dhl,5,3,0.336,0.825,0,0,14,7.8
Dubai,Mumbai,msc,4,4,0.345,0.774,0,0,7,5.6
Dubai,Mumbai,msc,10,5,0.78,0.114,0,0,7,3.4
Hamburg,Kolkata,maersk,7,0,0.485,0.512,0,1,25,10.2
Shanghai,Mumbai,dhl,6,5,0.835,0.984,0,1,18,10.5
Guangzhou,Kolkata,ups,2,6,0.683,0.823,0,0,14,8.2
Shanghai,Mumbai,cma_cgm,2,0,0.405,0.497,0,0,18,3.7
Singapore,Chennai,ups,10,5,0.137,0.9,0,0,10,2.7
Singapore,Chennai,ups,9,4,0.175,0.914,0,1,10,5.8
Guangzhou,Kolkata,ups,12,5,0.519,0.047,1,0,14,5.5
Dubai,Mumbai,ups,4,2,0.245,0.389,0,0,7,0.1
Colombo,Mumbai,maersk,4,0,0.722,0.61,0,0,5,4.5
Colombo,Mumbai,cma_cgm,6,4,0.484,0.27,0,1,5,5.1
Shanghai,Kolkata,msc,3,2,0.842,0.846,0,0,16,4.4
Shanghai,Mumbai,dhl,8,0,0.413,0.705,0,1,18,13.3
Colombo,Mumbai,fedex,9,6,0.076,0.078,0,1,5,2.6
Shanghai,Mumbai,ups,1,1,0.691,0.521,1,0,18,3.2
Singapore,Chennai,cma_cgm,8,2,0.732,0.807,0,1,10,9.2
Hamburg,Kolkata,dhl,2,0,0.647,0.693,0,0,25,9.8
Shanghai,Mumbai,ups,10,6,0.044,0.588,0,0,18,0.0
Shanghai,Kolkata,ups,7,0,0.193,0.115,0,1,16,1.5
Dubai,Mumbai,ups,2,6,0.862,0.845,0,0,7,6.8
Shanghai,Mumbai,cma_cgm,8,2,0.561,0.481,0,1,18,3.2
Dubai,Mumbai,ups,11,1,0.725,0.065,1,0,7,5.7
Rotterdam,Mumbai,cma_cgm,9,4,0.626,0.886,0,1,22,0.0
Guangzhou,Kolkata,msc,2,6,0.462,0.99,0,0,14,6.6
Dubai,Mumbai,cma_cgm,4,4,0.767,0.402,0,0,7,4.1
Rotterdam,Mumbai,msc,9,3,0.984,0.768,0,1,22,0.0
Rotterdam,Mumbai,dhl,1,2,0.467,0.297,1,0,22,0.0
Guangzhou,Kolkata,msc,2,5,0.589,0.277,0,0,14,3.0
Singapore,Chennai,msc,11,1,0.798,0.259,1,0,10,4.7
Singapore,Chennai,cma_cgm,7,6,0.945,0.467,0,1,10,4.6
Singapore,Chennai,msc,11,3,0.838,0.231,1,0,10,7.4
Dubai,Mumbai,ups,10,2,0.177,0.22,0,0,7,2.1
Hamburg,Kolkata,ups,5,5,0.969,0.884,0,0,25,1.7
Dubai,Mumbai,msc,10,0,0.174,0.396,0,0,7,3.9
Colombo,Mumbai,maersk,3,5,0.623,0.748,0,0,5,5.5
Shanghai,Mumbai,dhl,4,5,0.86,0.457,0,0,18,0.0
Rotterdam,Mumbai,dhl,3,0,0.852,0.035,0,0,22,0.0
Shanghai,Kolkata,dhl,5,2,0.087,0.408,0,0,16,0.0
Rotterdam,Mumbai,fedex,2,5,0.962,0.109,0,0,22,0.1
Singapore,Chennai,ups,1,1,0.495,0.481,1,0,10,7.2
Colombo,Mumbai,fedex,8,2,0.864,0.734,0,1,5,6.5
Colombo,Mumbai,maersk,8,3,0.851,0.867,0,1,5,8.0
Shanghai,Mumbai,ups,10,3,0.619,0.753,0,0,18,5.8
Shanghai,Kolkata,ups,11,4,0.872,0.029,1,0,16,4.8
Dubai,Mumbai,ups,7,6,0.001,0.556,0,1,7,2.7
Rotterdam,Mumbai,ups,12,6,0.193,0.084,1,0,22,6.0
Colombo,Mumbai,fedex,12,4,0.78,0.107,1,0,5,3.1
Hamburg,Kolkata,fedex,9,1,0.342,0.633,0,1,25,4.9
Guangzhou,Kolkata,msc,11,0,0.771,0.709,1,0,14,8.5
Hamburg,Kolkata,dhl,6,1,0.075,0.852,0,1,25,15.1
Singapore,Chennai,ups,12,6,0.066,0.822,1,0,10,2.2
Shanghai,Kolkata,maersk,11,1,0.001,0.159,1,0,16,4.9
Dubai,Mumbai,ups,9,6,0.527,0.826,0,1,7,5.0
Dubai,Mumbai,msc,2,6,0.68,0.655,0,0,7,4.4
Rotterdam,Mumbai,ups,11,3,0.398,0.274,1,0,22,0.0
Dubai,Mumbai,maersk,1,1,0.894,0.23,1,0,7,4.0
Shanghai,Kolkata,msc,11,3,0.186,0.869,1,0,16,9.6
Rotterdam,Mumbai,maersk,2,3,0.018,0.797,0,0,22,4.7
Guangzhou,Kolkata,maersk,4,5,0.462,0.001,0,0,14,1.6
Shanghai,Kolkata,dhl,12,3,0.43,0.201,1,0,16,1.4
Hamburg,Kolkata,ups,5,1,0.798,0.31,0,0,25,3.5
Rotterdam,Mumbai,dhl,8,4,0.072,0.392,0,1,22,14.4
Colombo,Mumbai,maersk,9,0,0.953,0.908,0,1,5,7.1
Dubai,Mumbai,cma_cgm,3,0,0.242,0.987,0,0,7,3.5
Hamburg,Kolkata,msc,4,0,0.56,0.01,0,0,25,0.0
Singapore,Chennai,dhl,2,0,0.088,0.351,0,0,10,0.0
Shanghai,Kolkata,fedex,10,1,0.821,0.041,0,0,16,2.2
Singapore,Chennai,dhl,8,2,0.124,0.896,0,1,10,6.7
Shanghai,Kolkata,dhl,2,3,0.871,0.714,0,0,16,8.6
Hamburg,Kolkata,msc,11,6,0.08,0.895,1,0,25,12.8
Guangzhou,Kolkata,maersk,9,3,0.732,0.082,0,1,14,5.7
Hamburg,Kolkata,msc,7,3,0.16,0.872,0,1,25,0.0
Shanghai,Kolkata,ups,7,2,0.162,0.021,0,1,16,0.4
Dubai,Mumbai,cma_cgm,5,0,0.493,0.082,0,0,7,0.0
Hamburg,Kolkata,dhl,7,3,0.174,0.961,0,1,25,0.8
Guangzhou,Kolkata,ups,8,3,0.629,0.735,0,1,14,5.4
Guangzhou,Kolkata,dhl,3,0,0.439,0.725,0,0,14,7.4
Colombo,Mumbai,msc,2,6,0.901,0.422,0,0,5,5.9
Hamburg,Kolkata,ups,12,2,0.623,0.632,1,0,25,0.0
Shanghai,Kolkata,dhl,3,1,0.716,0.909,0,0,16,2.5
Hamburg,Kolkata,fedex,7,4,0.854,0.492,0,1,25,1.6
Hamburg,Kolkata,cma_cgm,12,4,0.445,0.515,1,0,25,12.3
Hamburg,Kolkata,dhl,11,0,0.969,0.258,1,0,25,0.0
Rotterdam,Mumbai,ups,1,3,0.131,0.97,1,0,22,0.0
Dubai,Mumbai,cma_cgm,10,4,0.337,0.829,0,0,7,3.1
Shanghai,Mumbai,ups,4,2,0.949,0.253,0,0,18,0.0
Dubai,Mumbai,ups,5,3,0.475,0.844,0,0,7,0.4
Singapore,Chennai,msc,6,3,0.54,0.034,0,1,10,2.1
Rotterdam,Mumbai,ups,11,4,0.103,0.585,1,0,22,6.5
Singapore,Chennai,fedex,4,4,0.48,0.686,0,0,10,3.1
Colombo,Mumbai,maersk,2,6,0.667,0.14,0,0,5,3.8
Colombo,Mumbai,cma_cgm,4,1,0.202,0.673,0,0,5,2.1
Rotterdam,Mumbai,cma_cgm,2,0,0.838,0.945,0,0,22,15.4
Guangzhou,Kolkata,cma_cgm,2,1,0.618,0.869,0,0,14,3.5
Colombo,Mumbai,dhl,4,0,0.601,0.941,0,0,5,3.9
Hamburg,Kolkata,ups,5,0,0.107,0.658,0,0,25,1.2
Colombo,Mumbai,ups,9,4,0.567,0.738,0,1,5,5.4
Singapore,Chennai,fedex,6,5,0.926,0.438,0,1,10,7.4
Shanghai,Mumbai,cma_cgm,6,6,0.006,0.325,0,1,18,1.2
Singapore,Chennai,fedex,7,6,0.695,0.389,0,1,10,1.7
Shanghai,Mumbai,maersk,12,5,0.073,0.603,1,0,18,2.8
Hamburg,Kolkata,cma_cgm,10,1,0.463,0.38,0,0,25,3.6
Hamburg,Kolkata,msc,5,4,0.341,0.38,0,0,25,9.7
Guangzhou,Kolkata,ups,12,3,0.608,0.765,1,0,14,7.5
Dubai,Mumbai,maersk,5,6,0.431,0.897,0,0,7,5.7
Rotterdam,Mumbai,msc,9,3,0.927,0.06,0,1,22,5.2
Guangzhou,Kolkata,cma_cgm,4,4,0.285,0.307,0,0,14,4.0
Shanghai,Kolkata,msc,3,1,0.61,0.716,0,0,16,2.9
Shanghai,Mumbai,cma_cgm,11,6,0.681,0.181,1,0,18,0.0
Rotterdam,Mumbai,dhl,10,4,0.257,0.963,0,0,22,9.4
Shanghai,Mumbai,msc,8,4,0.633,0.951,0,1,18,6.4
Shanghai,Kolkata,cma_cgm,6,4,0.884,0.228,0,1,16,7.6
Guangzhou,Kolkata,dhl,10,0,0.237,0.781,0,0,14,0.0
Guangzhou,Kolkata,maersk,4,3,0.671,0.81,0,0,14,3.1
Shanghai,Kolkata,fedex,5,6,0.235,0.869,0,0,16,3.7
Shanghai,Mumbai,ups,1,5,0.024,0.642,1,0,18,7.0
Guangzhou,Kolkata,dhl,9,5,0.142,0.275,0,1,14,8.7
Shanghai,Kolkata,ups,2,2,0.443,0.446,0,0,16,5.6
Singapore,Chennai,fedex,6,1,0.906,0.773,0,1,10,5.3
Singapore,Chennai,ups,1,3,0.192,0.323,1,0,10,1.9
Singapore,Chennai,ups,1,3,0.068,0.8,1,0,10,1.2
Dubai,Mumbai,ups,8,5,0.593,0.68,0,1,7,4.5
Hamburg,Kolkata,cma_cgm,2,6,0.378,0.363,0,0,25,0.0
Dubai,Mumbai,fedex,7,5,0.334,0.58,0,1,7,6.3
Shanghai,Kolkata,fedex,9,6,0.756,0.348,0,1,16,7.0
Singapore,Chennai,msc,3,5,0.235,0.399,0,0,10,2.7
Shanghai,Mumbai,cma_cgm,5,3,0.624,0.089,0,0,18,6.4
Shanghai,Kolkata,dhl,5,3,0.782,0.709,0,0,16,1.7
Rotterdam,Mumbai,fedex,11,0,0.554,0.306,1,0,22,0.0
Singapore,Chennai,cma_cgm,7,1,0.601,0.516,0,1,10,5.5
Hamburg,Kolkata,msc,5,3,0.209,0.931,0,0,25,8.5
Guangzhou,Kolkata,cma_cgm,2,4,0.381,0.878,0,0,14,4.7
Colombo,Mumbai,msc,9,6,0.403,0.174,0,1,5,4.6
Guangzhou,Kolkata,maersk,2,5,0.976,0.641,0,0,14,5.0
Hamburg,Kolkata,dhl,4,6,0.487,0.606,0,0,25,3.8
Hamburg,Kolkata,cma_cgm,4,2,0.953,0.825,0,0,25,1.3
Rotterdam,Mumbai,fedex,4,0,0.233,0.08,0,0,22,2.5
Singapore,Chennai,msc,4,1,0.278,0.851,0,0,10,0.3
Shanghai,Kolkata,maersk,5,2,0.192,0.212,0,0,16,5.5
Hamburg,Kolkata,maersk,2,4,0.619,0.297,0,0,25,0.0
Rotterdam,Mumbai,dhl,12,5,0.265,0.178,1,0,22,1.6
Colombo,Mumbai,msc,1,3,0.633,0.229,1,0,5,5.1
Rotterdam,Mumbai,msc,4,3,0.848,0.724,0,0,22,2.1
Rotterdam,Mumbai,msc,3,6,0.526,0.482,0,0,22,1.8
Rotterdam,Mumbai,cma_cgm,7,1,0.134,0.419,0,1,22,0.0
Hamburg,Kolkata,ups,10,6,0.137,0.535,0,0,25,0.0
Singapore,Chennai,maersk,5,3,0.266,0.149,0,0,10,1.8
Hamburg,Kolkata,msc,2,3,0.243,0.652,0,0,25,5.7
Rotterdam,Mumbai,cma_cgm,10,4,0.956,0.133,0,0,22,10.7
Colombo,Mumbai,dhl,8,0,0.943,0.809,0,1,5,6.2
Guangzhou,Kolkata,fedex,12,4,0.825,0.495,1,0,14,4.9
Colombo,Mumbai,maersk,6,0,0.614,0.067,0,1,5,3.4
Colombo,Mumbai,msc,1,6,0.68,0.042,1,0,5,5.7
Shanghai,Mumbai,maersk,1,4,0.802,0.105,1,0,18,6.0
Colombo,Mumbai,fedex,4,2,0.971,0.942,0,0,5,4.9
Dubai,Mumbai,msc,3,2,0.412,0.55,0,0,7,2.0
Colombo,Mumbai,msc,1,6,0.782,0.228,1,0,5,6.2
Shanghai,Mumbai,fedex,2,2,0.121,0.615,0,0,18,4.0
Guangzhou,Kolkata,cma_cgm,2,1,0.799,0.293,0,0,14,8.1
Colombo,Mumbai,fedex,6,4,0.582,0.748,0,1,5,5.6
Dubai,Mumbai,fedex,1,1,0.225,0.372,1,0,7,5.5
Dubai,Mumbai,cma_cgm,12,1,0.613,0.943,1,0,7,6.0
Colombo,Mumbai,maersk,1,4,0.286,0.816,1,0,5,4.9
Shanghai,Kolkata,dhl,12,0,0.544,0.636,1,0,16,6.1
Shanghai,Kolkata,msc,11,5,0.753,0.269,1,0,16,11.1
Singapore,Chennai,ups,2,1,0.132,0.726,0,0,10,0.7
Dubai,Mumbai,msc,6,2,0.758,0.743,0,1,7,8.0
Dubai,Mumbai,cma_cgm,3,6,0.689,0.873,0,0,7,7.7
Shanghai,Kolkata,fedex,10,0,0.742,0.881,0,0,16,6.4
Singapore,Chennai,maersk,10,1,0.204,0.555,0,0,10,3.9
Dubai,Mumbai,fedex,9,4,0.539,0.524,0,1,7,7.3
Guangzhou,Kolkata,fedex,10,5,0.833,0.011,0,0,14,5.5
Singapore,Chennai,maersk,3,6,0.306,0.877,0,0,10,5.1
Rotterdam,Mumbai,fedex,4,6,0.449,0.722,0,0,22,4.1
Rotterdam,Mumbai,cma_cgm,5,5,0.696,0.003,0,0,22,8.1
Hamburg,Kolkata,cma_cgm,4,3,0.794,0.093,0,0,25,0.7
Hamburg,Kolkata,maersk,8,4,0.58,0.561,0,1,25,20.8
Singapore,Chennai,cma_cgm,8,1,0.599,0.602,0,1,10,3.7
Colombo,Mumbai,ups,12,5,0.982,0.21,1,0,5,6.5
Singapore,Chennai,maersk,4,5,0.328,0.434,0,0,10,2.5
Dubai,Mumbai,msc,11,6,0.998,0.933,1,0,7,8.4
Rotterdam,Mumbai,dhl,1,5,0.636,0.786,1,0,22,4.5
Hamburg,Kolkata,msc,11,6,0.572,0.588,1,0,25,0.5
Shanghai,Mumbai,msc,10,1,0.165,0.7,0,0,18,9.6
Hamburg,Kolkata,dhl,11,4,0.783,0.056,1,0,25,14.8
Dubai,Mumbai,cma_cgm,10,2,0.377,0.462,0,0,7,0.0
Colombo,Mumbai,ups,4,5,0.631,0.05,0,0,5,1.6
Shanghai,Kolkata,fedex,3,0,0.78,0.007,0,0,16,2.0
Singapore,Chennai,dhl,4,4,0.069,0.057,0,0,10,0.0
Hamburg,Kolkata,cma_cgm,12,6,0.247,0.906,1,0,25,0.4
Hamburg,Kolkata,fedex,9,4,0.268,0.156,0,1,25,0.0
Singapore,Chennai,maersk,4,1,0.906,0.139,0,0,10,0.0
Shanghai,Kolkata,cma_cgm,2,2,0.963,0.56,0,0,16,8.2
Shanghai,Kolkata,ups,10,1,0.419,0.26,0,0,16,4.4
Guangzhou,Kolkata,ups,8,0,0.464,0.972,0,1,14,1.3
Colombo,Mumbai,msc,9,4,0.114,0.151,0,1,5,2.3
Shanghai,Kolkata,cma_cgm,7,0,0.523,0.115,0,1,16,2.0
Guangzhou,Kolkata,msc,10,2,0.068,0.708,0,0,14,0.0
Hamburg,Kolkata,fedex,1,1,0.166,0.946,1,0,25,4.8
Colombo,Mumbai,dhl,2,1,0.462,0.412,0,0,5,2.8
Colombo,Mumbai,cma_cgm,12,2,0.459,0.052,1,0,5,6.6
Shanghai,Kolkata,dhl,7,4,0.165,0.33,0,1,16,2.7
Colombo,Mumbai,ups,6,3,0.871,0.239,0,1,5,6.9
Shanghai,Mumbai,fedex,12,1,0.558,0.553,1,0,18,4.0
Singapore,Chennai,dhl,10,3,0.798,0.372,0,0,10,2.0
Shanghai,Kolkata,dhl,11,1,0.093,0.441,1,0,16,1.2
Colombo,Mumbai,msc,12,0,0.578,0.635,1,0,5,5.9
Shanghai,Kolkata,dhl,8,1,0.158,0.696,0,1,16,1.1
Dubai,Mumbai,ups,3,2,0.277,0.984,0,0,7,4.9
Shanghai,Mumbai,msc,1,6,0.184,0.894,1,0,18,1.5
Singapore,Chennai,cma_cgm,6,5,0.083,0.882,0,1,10,5.0
Singapore,Chennai,maersk,7,0,0.418,0.984,0,1,10,7.9
Singapore,Chennai,msc,6,1,0.427,0.162,0,1,10,7.2
Dubai,Mumbai,ups,9,2,0.527,0.719,0,1,7,3.2
Rotterdam,Mumbai,dhl,4,5,0.541,0.71,0,0,22,6.1
Singapore,Chennai,dhl,11,1,0.822,0.459,1,0,10,5.5
Dubai,Mumbai,msc,12,5,0.174,0.712,1,0,7,0.4
Colombo,Mumbai,fedex,1,4,0.42,0.905,1,0,5,4.4
Dubai,Mumbai,dhl,7,5,0.738,0.806,0,1,7,6.8
Hamburg,Kolkata,maersk,3,0,0.126,0.676,0,0,25,9.5
Singapore,Chennai,cma_cgm,9,3,0.227,0.837,0,1,10,2.4
Shanghai,Kolkata,maersk,4,1,0.513,0.305,0,0,16,6.2
Hamburg,Kolkata,msc,12,0,0.766,0.788,1,0,25,0.0
Rotterdam,Mumbai,fedex,3,0,0.874,0.0,0,0,22,1.3
Hamburg,Kolkata,cma_cgm,4,4,0.547,0.38,0,0,25,0.0
Hamburg,Kolkata,cma_cgm,11,3,0.018,0.421,1,0,25,5.8
Hamburg,Kolkata,maersk,3,1,0.699,0.839,0,0,25,0.8
Rotterdam,Mumbai,cma_cgm,9,2,0.628,0.533,0,1,22,1.8
Colombo,Mumbai,cma_cgm,5,4,0.068,0.263,0,0,5,3.5
Shanghai,Mumbai,dhl,8,3,0.301,0.598,0,1,18,0.0
Hamburg,Kolkata,dhl,4,2,0.903,0.852,0,0,25,0.0
Shanghai,Mumbai,ups,6,0,0.989,0.626,0,1,18,11.5
Colombo,Mumbai,cma_cgm,12,2,0.268,0.789,1,0,5,5.4
Rotterdam,Mumbai,ups,5,3,0.22,0.488,0,0,22,2.6
Shanghai,Mumbai,msc,3,0,0.065,0.956,0,0,18,9.8
Colombo,Mumbai,ups,7,6,0.082,0.911,0,1,5,2.3
Dubai,Mumbai,fedex,4,4,0.171,0.948,0,0,7,2.1
Hamburg,Kolkata,msc,9,4,0.64,0.676,0,1,25,4.0
Singapore,Chennai,ups,3,5,0.263,0.272,0,0,10,0.4
Dubai,Mumbai,dhl,1,6,0.407,0.891,1,0,7,6.5
Dubai,Mumbai,msc,10,0,0.45,0.473,0,0,7,4.0
Dubai,Mumbai,cma_cgm,3,4,0.474,0.591,0,0,7,6.0
Shanghai,Mumbai,cma_cgm,8,2,0.844,0.285,0,1,18,6.5
Shanghai,Kolkata,ups,5,0,0.219,0.397,0,0,16,0.0
Shanghai,Mumbai,ups,3,2,0.507,0.874,0,0,18,7.0
Rotterdam,Mumbai,maersk,3,2,0.131,0.275,0,0,22,0.0
Singapore,Chennai,ups,5,4,0.608,0.309,0,0,10,0.0
Rotterdam,Mumbai,fedex,7,3,0.821,0.002,0,1,22,2.1
Rotterdam,Mumbai,dhl,4,1,0.257,0.665,0,0,22,2.6
Shanghai,Mumbai,msc,2,4,0.121,0.419,0,0,18,1.6
Guangzhou,Kolkata,maersk,9,6,0.413,0.646,0,1,14,5.2
Guangzhou,Kolkata,fedex,3,2,0.599,0.502,0,0,14,2.2
Hamburg,Kolkata,maersk,5,1,0.53,0.829,0,0,25,2.4
Hamburg,Kolkata,fedex,1,0,0.422,0.295,1,0,25,20.0
Guangzhou,Kolkata,ups,5,5,0.559,0.343,0,0,14,1.3
Shanghai,Kolkata,dhl,6,3,0.387,0.852,0,1,16,2.0
Shanghai,Mumbai,ups,6,1,0.59,0.226,0,1,18,3.4
Colombo,Mumbai,maersk,3,3,0.579,0.759,0,0,5,4.3
Colombo,Mumbai,fedex,8,3,0.431,0.143,0,1,5,2.9
Colombo,Mumbai,dhl,1,6,0.154,0.025,1,0,5,3.5
Dubai,Mumbai,maersk,11,0,0.101,0.847,1,0,7,7.4
Colombo,Mumbai,fedex,4,3,0.56,0.105,0,0,5,1.0
Guangzhou,Kolkata,maersk,6,2,0.388,0.16,0,1,14,4.2
Guangzhou,Kolkata,cma_cgm,11,4,0.459,0.289,1,0,14,4.7
Shanghai,Kolkata,cma_cgm,4,1,0.827,0.984,0,0,16,6.6
Rotterdam,Mumbai,maersk,4,0,0.386,0.34,0,0,22,0.0
Shanghai,Mumbai,ups,2,4,0.762,0.834,0,0,18,5.1
Dubai,Mumbai,maersk,10,1,0.259,0.195,0,0,7,1.6
Singapore,Chennai,ups,12,2,0.558,0.347,1,0,10,3.8
Singapore,Chennai,ups,3,4,0.626,0.489,0,0,10,3.9
Shanghai,Mumbai,fedex,3,4,0.731,0.148,0,0,18,6.5
Rotterdam,Mumbai,dhl,5,3,0.907,0.132,0,0,22,11.7
Hamburg,Kolkata,ups,12,5,0.131,0.791,1,0,25,13.3
Singapore,Chennai,ups,1,3,0.467,0.034,1,0,10,1.9
Singapore,Chennai,cma_cgm,7,1,0.491,0.522,0,1,10,5.2
Hamburg,Kolkata,maersk,11,0,0.362,0.726,1,0,25,4.8
Singapore,Chennai,maersk,4,6,0.956,0.2,0,0,10,6.6
Shanghai,Mumbai,msc,1,0,0.847,0.893,1,0,18,10.3
Hamburg,Kolkata,ups,7,1,0.477,0.688,0,1,25,0.0
Dubai,Mumbai,maersk,6,1,0.134,0.299,0,1,7,5.4
Colombo,Mumbai,maersk,8,5,0.957,0.009,0,1,5,5.3
Dubai,Mumbai,fedex,8,1,0.828,0.295,0,1,7,6.1
Rotterdam,Mumbai,ups,8,4,0.822,0.809,0,1,22,9.8
Shanghai,Mumbai,msc,3,1,0.104,0.399,0,0,18,0.0
Singapore,Chennai,cma_cgm,6,2,0.349,0.111,0,1,10,5.7
Singapore,Chennai,ups,2,4,0.955,0.523,0,0,10,3.7
Shanghai,Kolkata,fedex,10,3,0.707,0.05,0,0,16,2.0
Guangzhou,Kolkata,fedex,8,6,0.211,0.863,0,1,14,0.0
Colombo,Mumbai,cma_cgm,7,2,0.022,0.583,0,1,5,2.6
Shanghai,Kolkata,dhl,1,0,0.219,0.034,1,0,16,1.2
Shanghai,Mumbai,cma_cgm,1,6,0.503,0.449,1,0,18,0.0
Guangzhou,Kolkata,msc,8,5,0.072,0.683,0,1,14,6.4
Singapore,Chennai,ups,8,6,0.553,0.52,0,1,10,2.6
Rotterdam,Mumbai,maersk,7,1,0.401,0.159,0,1,22,0.0
Shanghai,Mumbai,dhl,1,1,0.783,0.715,1,0,18,9.8
Hamburg,Kolkata,cma_cgm,1,6,0.583,0.467,1,0,25,8.7
Colombo,Mumbai,ups,12,2,0.827,0.13,1,0,5,5.2
Shanghai,Mumbai,maersk,2,3,0.572,0.907,0,0,18,4.2
Hamburg,Kolkata,msc,3,4,0.116,0.042,0,0,25,5.2
Rotterdam,Mumbai,dhl,12,2,0.844,0.676,1,0,22,4.2
Dubai,Mumbai,ups,5,0,0.278,0.13,0,0,7,0.0
Singapore,Chennai,dhl,9,4,0.475,0.634,0,1,10,0.0
Colombo,Mumbai,dhl,3,6,0.111,0.634,0,0,5,1.2
Dubai,Mumbai,msc,9,3,0.859,0.186,0,1,7,1.8
Guangzhou,Kolkata,dhl,9,5,0.472,0.88,0,1,14,8.7
Shanghai,Mumbai,msc,7,4,0.036,0.395,0,1,18,3.8
Hamburg,Kolkata,cma_cgm,1,3,0.085,0.043,1,0,25,1.0
Rotterdam,Mumbai,dhl,1,5,0.782,0.544,1,0,22,7.2
Rotterdam,Mumbai,ups,6,1,0.019,0.124,0,1,22,0.0
Guangzhou,Kolkata,maersk,9,2,0.404,0.531,0,1,14,4.4
Dubai,Mumbai,dhl,4,1,0.519,0.678,0,0,7,3.0
Singapore,Chennai,msc,1,3,0.976,0.126,1,0,10,6.5
Hamburg,Kolkata,ups,9,0,0.739,0.223,0,1,25,5.9
Shanghai,Mumbai,cma_cgm,12,2,0.663,0.548,1,0,18,7.8
Colombo,Mumbai,maersk,8,0,0.606,0.291,0,1,5,5.8
Rotterdam,Mumbai,cma_cgm,11,3,0.899,0.71,1,0,22,8.4
Rotterdam,Mumbai,msc,7,3,0.058,0.958,0,1,22,7.6
Shanghai,Mumbai,ups,8,3,0.544,0.963,0,1,18,4.6
Dubai,Mumbai,fedex,12,6,0.141,0.622,1,0,7,2.2
Guangzhou,Kolkata,maersk,3,2,0.982,0.527,0,0,14,8.8
Shanghai,Kolkata,msc,6,5,0.47,0.89,0,1,16,7.5
Shanghai,Mumbai,cma_cgm,2,1,0.147,0.008,0,0,18,0.0
Hamburg,Kolkata,dhl,2,5,0.53,0.242,0,0,25,14.6
Rotterdam,Mumbai,fedex,5,5,0.076,0.275,0,0,22,0.0
Guangzhou,Kolkata,cma_cgm,3,5,0.864,0.481,0,0,14,9.1
Rotterdam,Mumbai,maersk,12,0,0.137,0.995,1,0,22,0.0
Singapore,Chennai,cma_cgm,9,3,0.951,0.995,0,1,10,9.1
Colombo,Mumbai,maersk,10,5,0.57,0.26,0,0,5,5.3
Shanghai,Kolkata,cma_cgm,6,1,0.981,0.19,0,1,16,2.3
Dubai,Mumbai,ups,11,4,0.944,0.96,1,0,7,8.3
Shanghai,Kolkata,ups,10,5,0.718,0.247,0,0,16,3.2
Shanghai,Mumbai,maersk,7,0,0.163,0.565,0,1,18,3.8
Shanghai,Mumbai,ups,10,3,0.357,0.926,0,0,18,9.3
Guangzhou,Kolkata,maersk,5,1,0.322,0.848,0,0,14,2.1
Rotterdam,Mumbai,maersk,9,4,0.481,0.662,0,1,22,6.6
Guangzhou,Kolkata,msc,9,5,0.398,0.92,0,1,14,3.8
Singapore,Chennai,msc,5,5,0.918,0.951,0,0,10,9.0
Dubai,Mumbai,fedex,1,1,0.992,0.386,1,0,7,2.8
Shanghai,Mumbai,fedex,1,1,0.877,0.974,1,0,18,13.6
Shanghai,Kolkata,fedex,11,2,0.752,0.229,1,0,16,1.9
Singapore,Chennai,ups,11,2,0.428,0.326,1,0,10,5.6
Dubai,Mumbai,maersk,12,6,0.894,0.946,1,0,7,7.6
Singapore,Chennai,fedex,4,6,0.545,0.204,0,0,10,4.1
Colombo,Mumbai,dhl,3,6,0.033,0.636,0,0,5,0.0
Dubai,Mumbai,ups,1,2,0.095,0.827,1,0,7,2.0
Shanghai,Kolkata,ups,4,1,0.774,0.353,0,0,16,3.8
Shanghai,Mumbai,ups,8,3,0.425,0.038,0,1,18,8.3
Hamburg,Kolkata,ups,9,0,0.59,0.061,0,1,25,12.0
Colombo,Mumbai,cma_cgm,5,4,0.437,0.883,0,0,5,3.3
Hamburg,Kolkata,msc,12,3,0.224,0.663,1,0,25,9.0
Shanghai,Kolkata,fedex,2,5,0.325,0.713,0,0,16,3.8
Dubai,Mumbai,maersk,9,5,0.337,1.0,0,1,7,2.6
Hamburg,Kolkata,ups,6,4,0.15,0.381,0,1,25,0.0
Shanghai,Kolkata,fedex,10,2,0.269,0.518,0,0,16,4.1
Hamburg,Kolkata,dhl,1,3,0.949,0.632,1,0,25,0.0
Dubai,Mumbai,ups,5,5,0.781,0.708,0,0,7,1.9
Shanghai,Kolkata,maersk,6,0,0.122,0.125,0,1,16,2.2
Rotterdam,Mumbai,cma_cgm,9,0,0.031,0.052,0,1,22,0.5
Singapore,Chennai,msc,5,2,0.119,0.765,0,0,10,1.9
Colombo,Mumbai,ups,7,0,0.312,0.483,0,1,5,1.1
Singapore,Chennai,fedex,1,2,0.782,0.124,1,0,10,5.4
Hamburg,Kolkata,fedex,1,5,0.843,0.098,1,0,25,5.6
Hamburg,Kolkata,dhl,1,0,0.541,0.43,1,0,25,22.1
Rotterdam,Mumbai,maersk,6,4,0.962,0.714,0,1,22,8.2
Shanghai,Kolkata,msc,12,6,0.317,0.816,1,0,16,6.4
Shanghai,Mumbai,ups,8,6,0.313,0.935,0,1,18,0.0
Colombo,Mumbai,msc,1,0,0.02,0.391,1,0,5,4.3
Rotterdam,Mumbai,maersk,12,0,0.935,0.431,1,0,22,8.4
Colombo,Mumbai,maersk,1,5,0.084,0.333,1,0,5,4.5
Hamburg,Kolkata,ups,11,1,0.205,0.381,1,0,25,0.0
Shanghai,Kolkata,maersk,6,4,0.101,0.278,0,1,16,4.0
Guangzhou,Kolkata,fedex,9,0,0.011,0.45,0,1,14,3.3
Shanghai,Mumbai,ups,2,1,0.582,0.204,0,0,18,2.7
Shanghai,Mumbai,msc,7,2,0.605,0.517,0,1,18,8.7
Colombo,Mumbai,fedex,6,5,0.144,0.595,0,1,5,4.3
Dubai,Mumbai,ups,6,3,0.297,0.092,0,1,7,6.0
Shanghai,Kolkata,fedex,5,1,0.704,0.373,0,0,16,7.3
Dubai,Mumbai,fedex,9,0,0.672,0.584,0,1,7,1.8
Guangzhou,Kolkata,ups,4,0,0.117,0.449,0,0,14,1.7
Rotterdam,Mumbai,maersk,6,2,0.883,0.203,0,1,22,14.3
Shanghai,Mumbai,ups,12,0,0.015,0.583,1,0,18,5.9
Shanghai,Mumbai,dhl,4,2,0.958,0.399,0,0,18,2.6
Colombo,Mumbai,cma_cgm,6,0,0.498,0.743,0,1,5,6.0
Guangzhou,Kolkata,maersk,4,2,0.084,0.807,0,0,14,3.2
Dubai,Mumbai,dhl,11,1,0.996,0.229,1,0,7,6.5
Dubai,Mumbai,dhl,9,1,0.701,0.204,0,1,7,6.3
Shanghai,Kolkata,msc,1,0,0.016,0.077,1,0,16,4.6
Guangzhou,Kolkata,maersk,2,2,0.215,0.597,0,0,14,0.0
Shanghai,Kolkata,fedex,2,5,0.383,0.494,0,0,16,6.0
Shanghai,Kolkata,ups,8,5,0.397,0.514,0,1,16,6.8
Shanghai,Mumbai,dhl,6,2,0.538,0.269,0,1,18,0.7
Singapore,Chennai,dhl,6,4,0.666,0.787,0,1,10,9.5
Dubai,Mumbai,maersk,12,5,0.428,0.443,1,0,7,3.6
Singapore,Chennai,maersk,5,6,0.064,0.825,0,0,10,1.4
Shanghai,Mumbai,ups,4,5,0.503,0.056,0,0,18,0.0
Hamburg,Kolkata,msc,12,6,0.281,0.713,1,0,25,5.2
Hamburg,Kolkata,cma_cgm,5,4,0.07,0.186,0,0,25,0.3
Rotterdam,Mumbai,fedex,7,2,0.814,0.685,0,1,22,4.2
Singapore,Chennai,msc,12,2,0.515,0.536,1,0,10,4.7
Rotterdam,Mumbai,ups,10,3,0.873,0.828,0,0,22,8.0
Rotterdam,Mumbai,msc,10,0,0.506,0.941,0,0,22,1.9
Shanghai,Mumbai,dhl,5,4,0.393,0.553,0,0,18,0.0
Hamburg,Kolkata,ups,10,6,0.838,0.859,0,0,25,5.0
Dubai,Mumbai,cma_cgm,9,6,0.611,0.16,0,1,7,2.9
Hamburg,Kolkata,msc,7,4,0.165,0.002,0,1,25,6.2
Guangzhou,Kolkata,ups,6,3,0.515,0.161,0,1,14,1.6
Singapore,Chennai,maersk,4,1,0.519,0.608,0,0,10,1.3
Hamburg,Kolkata,cma_cgm,3,5,0.22,0.96,0,0,25,9.5
Shanghai,Kolkata,dhl,1,2,0.679,0.412,1,0,16,11.3
Guangzhou,Kolkata,dhl,2,1,0.412,0.871,0,0,14,4.5
Rotterdam,Mumbai,dhl,5,4,0.337,0.143,0,0,22,12.2
Guangzhou,Kolkata,dhl,7,4,0.392,0.896,0,1,14,4.5
Rotterdam,Mumbai,dhl,1,5,0.793,0.069,1,0,22,0.0
Rotterdam,Mumbai,maersk,5,2,0.689,0.253,0,0,22,10.0
Shanghai,Mumbai,cma_cgm,9,2,0.127,0.286,0,1,18,3.7
Shanghai,Kolkata,cma_cgm,3,2,0.855,0.883,0,0,16,3.4
Hamburg,Kolkata,dhl,8,1,0.902,0.203,0,1,25,4.6
Colombo,Mumbai,cma_cgm,6,3,0.182,0.743,0,1,5,4.5
Shanghai,Mumbai,ups,2,1,0.513,0.989,0,0,18,8.6
Singapore,Chennai,ups,11,1,0.321,0.22,1,0,10,1.0
Dubai,Mumbai,cma_cgm,4,2,0.369,0.045,0,0,7,0.0
Shanghai,Kolkata,maersk,11,5,0.218,0.662,1,0,16,4.1
Singapore,Chennai,fedex,8,6,0.049,0.581,0,1,10,2.5
Shanghai,Mumbai,fedex,10,4,0.521,0.35,0,0,18,7.0
Dubai,Mumbai,ups,3,3,0.742,0.17,0,0,7,4.7
Shanghai,Mumbai,msc,6,4,0.159,0.258,0,1,18,0.0
Guangzhou,Kolkata,msc,10,4,0.542,0.758,0,0,14,10.5
Singapore,Chennai,fedex,11,5,0.386,0.589,1,0,10,5.2
Guangzhou,Kolkata,cma_cgm,12,1,0.507,0.188,1,0,14,1.3
Shanghai,Mumbai,fedex,2,1,0.383,0.822,0,0,18,7.3
Colombo,Mumbai,cma_cgm,6,0,0.264,0.939,0,1,5,5.6
Hamburg,Kolkata,ups,1,5,0.27,0.191,1,0,25,0.0
Singapore,Chennai,cma_cgm,10,6,0.777,0.822,0,0,10,6.8
Colombo,Mumbai,cma_cgm,8,3,0.774,0.748,0,1,5,6.3
Rotterdam,Mumbai,cma_cgm,6,4,0.879,0.243,0,1,22,3.6
Rotterdam,Mumbai,msc,8,5,0.667,0.323,0,1,22,9.0
Colombo,Mumbai,ups,6,1,0.845,0.249,0,1,5,4.9
Hamburg,Kolkata,ups,6,2,0.999,0.327,0,1,25,10.5
Guangzhou,Kolkata,maersk,11,2,0.571,0.304,1,0,14,7.2
Rotterdam,Mumbai,dhl,3,3,0.892,0.849,0,0,22,3.8
Singapore,Chennai,ups,3,5,0.014,0.764,0,0,10,1.3
Guangzhou,Kolkata,dhl,4,6,0.837,0.62,0,0,14,10.1
Rotterdam,Mumbai,ups,10,2,0.581,0.991,0,0,22,9.2
Shanghai,Kolkata,maersk,11,1,0.707,0.389,1,0,16,7.6
Colombo,Mumbai,maersk,2,6,0.619,0.633,0,0,5,2.8
Rotterdam,Mumbai,maersk,5,3,0.494,0.861,0,0,22,7.7
Hamburg,Kolkata,maersk,11,4,0.675,0.678,1,0,25,6.2
Guangzhou,Kolkata,maersk,5,3,0.5,0.691,0,0,14,6.9
Guangzhou,Kolkata,cma_cgm,3,0,0.636,0.599,0,0,14,8.4
Shanghai,Kolkata,msc,6,5,0.58,0.453,0,1,16,5.0
Colombo,Mumbai,cma_cgm,4,5,0.91,0.639,0,0,5,4.3
Guangzhou,Kolkata,cma_cgm,2,4,0.834,0.643,0,0,14,5.7
Singapore,Chennai,maersk,6,3,0.032,0.423,0,1,10,2.4
Hamburg,Kolkata,dhl,4,3,0.246,0.691,0,0,25,2.1
Dubai,Mumbai,maersk,5,6,0.287,0.803,0,0,7,8.4
Dubai,Mumbai,maersk,4,4,0.897,0.623,0,0,7,5.3
Shanghai,Kolkata,ups,4,3,0.067,0.975,0,0,16,3.4
Shanghai,Mumbai,dhl,10,5,0.306,0.552,0,0,18,0.2
Guangzhou,Kolkata,fedex,11,3,0.055,0.942,1,0,14,7.9
Colombo,Mumbai,msc,5,3,0.973,0.759,0,0,5,6.1
Colombo,Mumbai,maersk,8,4,0.233,0.13,0,1,5,3.7
Shanghai,Kolkata,msc,1,3,0.674,0.063,1,0,16,7.4
Shanghai,Kolkata,fedex,6,6,0.987,0.271,0,1,16,4.0
Hamburg,Kolkata,fedex,7,2,0.563,0.804,0,1,25,6.5
Colombo,Mumbai,cma_cgm,8,2,0.003,0.174,0,1,5,1.4
Shanghai,Kolkata,dhl,1,6,0.984,0.396,1,0,16,3.2
Guangzhou,Kolkata,dhl,6,4,0.347,0.547,0,1,14,6.4
Singapore,Chennai,dhl,10,6,0.045,0.126,0,0,10,3.0
Colombo,Mumbai,msc,10,2,0.523,0.471,0,0,5,4.2
Shanghai,Mumbai,msc,12,5,0.838,0.361,1,0,18,5.8
Shanghai,Kolkata,msc,11,0,0.514,0.903,1,0,16,9.8
Rotterdam,Mumbai,dhl,1,4,0.51,0.736,1,0,22,10.5
Hamburg,Kolkata,msc,12,6,0.932,0.742,1,0,25,8.2
Dubai,Mumbai,cma_cgm,6,3,0.165,0.854,0,1,7,0.0
Colombo,Mumbai,cma_cgm,6,6,0.571,0.143,0,1,5,4.4
Hamburg,Kolkata,maersk,10,2,0.894,0.337,0,0,25,7.9
Rotterdam,Mumbai,cma_cgm,4,0,0.025,0.253,0,0,22,9.3
Rotterdam,Mumbai,fedex,4,6,0.589,0.752,0,0,22,10.3
Shanghai,Mumbai,msc,4,4,0.232,0.265,0,0,18,8.9
Shanghai,Mumbai,ups,1,1,0.237,0.949,1,0,18,5.2
Dubai,Mumbai,fedex,11,4,0.468,0.466,1,0,7,5.7
Shanghai,Mumbai,ups,7,1,0.76,0.513,0,1,18,6.8
Guangzhou,Kolkata,ups,2,4,0.674,0.763,0,0,14,4.5
Colombo,Mumbai,dhl,8,2,0.615,0.911,0,1,5,5.8
Shanghai,Kolkata,msc,1,0,0.438,0.839,1,0,16,18.0
Shanghai,Mumbai,msc,3,2,0.449,0.237,0,0,18,4.1
Colombo,Mumbai,maersk,12,0,0.611,0.2,1,0,5,4.4
Dubai,Mumbai,maersk,7,2,0.652,0.211,0,1,7,7.3
Colombo,Mumbai,cma_cgm,6,1,0.318,0.749,0,1,5,5.0
Dubai,Mumbai,cma_cgm,8,0,0.283,0.419,0,1,7,2.1
Guangzhou,Kolkata,maersk,7,3,0.597,0.653,0,1,14,2.0
Colombo,Mumbai,cma_cgm,12,1,0.62,0.6,1,0,5,4.1
Shanghai,Mumbai,maersk,4,1,0.456,0.678,0,0,18,4.1
Shanghai,Mumbai,dhl,4,6,0.436,0.794,0,0,18,0.0
Colombo,Mumbai,maersk,12,0,0.089,0.992,1,0,5,4.4
Shanghai,Mumbai,msc,8,1,0.929,0.062,0,1,18,1.8
Hamburg,Kolkata,ups,9,6,0.502,0.247,0,1,25,5.6
Hamburg,Kolkata,cma_cgm,10,0,0.751,0.754,0,0,25,10.3
Rotterdam,Mumbai,maersk,10,2,0.056,0.007,0,0,22,1.6
Singapore,Chennai,dhl,5,3,0.411,0.402,0,0,10,1.4
Shanghai,Kolkata,dhl,6,0,0.73,0.94,0,1,16,7.6
Rotterdam,Mumbai,dhl,4,0,0.822,0.173,0,0,22,0.0
Rotterdam,Mumbai,fedex,10,5,0.596,0.434,0,0,22,2.8
Rotterdam,Mumbai,dhl,10,4,0.355,0.045,0,0,22,0.0
Dubai,Mumbai,cma_cgm,8,6,0.7,0.411,0,1,7,6.1
Guangzhou,Kolkata,dhl,4,0,0.083,0.254,0,0,14,0.0
Rotterdam,Mumbai,ups,8,2,0.981,0.215,0,1,22,6.5
Shanghai,Mumbai,maersk,2,0,0.7,0.617,0,0,18,3.1
Shanghai,Kolkata,fedex,11,6,0.561,0.246,1,0,16,5.9
Singapore,Chennai,fedex,9,6,0.97,0.431,0,1,10,5.1
Singapore,Chennai,dhl,12,0,0.458,0.227,1,0,10,3.5
Shanghai,Kolkata,dhl,1,0,0.578,0.359,1,0,16,5.8
Hamburg,Kolkata,maersk,8,5,0.806,0.328,0,1,25,8.5
Guangzhou,Kolkata,ups,1,5,0.467,0.482,1,0,14,3.3
Shanghai,Kolkata,ups,6,4,0.385,0.459,0,1,16,5.4
Rotterdam,Mumbai,maersk,12,5,0.679,0.077,1,0,22,14.6
Shanghai,Kolkata,ups,10,3,0.25,0.654,0,0,16,0.0
Guangzhou,Kolkata,fedex,4,0,0.928,0.845,0,0,14,2.9
Shanghai,Kolkata,maersk,11,6,0.662,0.077,1,0,16,3.0
Dubai,Mumbai,msc,4,2,0.403,0.834,0,0,7,4.9
Shanghai,Mumbai,maersk,2,0,0.444,0.75,0,0,18,8.6
Hamburg,Kolkata,fedex,5,6,0.395,0.182,0,0,25,3.5
Hamburg,Kolkata,msc,10,3,0.518,0.71,0,0,25,2.3
Dubai,Mumbai,cma_cgm,8,6,0.731,0.958,0,1,7,7.6
Colombo,Mumbai,msc,3,6,0.635,0.63,0,0,5,4.3
Dubai,Mumbai,cma_cgm,10,5,0.531,0.677,0,0,7,7.3
Dubai,Mumbai,cma_cgm,7,4,0.008,0.943,0,1,7,3.0
Rotterdam,Mumbai,cma_cgm,12,3,0.768,0.5,1,0,22,0.0
Guangzhou,Kolkata,dhl,5,1,0.573,0.325,0,0,14,1.2
Dubai,Mumbai,maersk,10,2,0.713,0.697,0,0,7,2.5
Dubai,Mumbai,ups,6,5,0.441,0.132,0,1,7,1.8
Hamburg,Kolkata,maersk,11,1,0.026,0.604,1,0,25,11.5
Shanghai,Mumbai,maersk,9,0,0.181,0.623,0,1,18,8.3
Shanghai,Kolkata,ups,4,6,0.417,0.16,0,0,16,0.9
Shanghai,Mumbai,fedex,10,0,0.69,0.341,0,0,18,0.0
Shanghai,Kolkata,dhl,9,5,0.16,0.336,0,1,16,2.2
Rotterdam,Mumbai,ups,6,4,0.305,0.265,0,1,22,2.7
Hamburg,Kolkata,fedex,12,0,0.42,0.051,1,0,25,4.0
Guangzhou,Kolkata,maersk,5,2,0.583,0.011,0,0,14,1.3
Singapore,Chennai,maersk,10,3,0.364,0.566,0,0,10,7.9
Colombo,Mumbai,cma_cgm,8,3,0.426,0.832,0,1,5,6.8
Shanghai,Mumbai,ups,1,3,0.817,0.93,1,0,18,6.5
Rotterdam,Mumbai,msc,5,5,0.28,0.332,0,0,22,0.0
Shanghai,Kolkata,ups,4,3,0.759,0.728,0,0,16,10.1
Singapore,Chennai,maersk,10,4,0.805,0.76,0,0,10,4.9
Singapore,Chennai,ups,4,0,0.268,0.361,0,0,10,5.0
Rotterdam,Mumbai,cma_cgm,4,5,0.392,0.697,0,0,22,0.0
Rotterdam,Mumbai,maersk,6,4,0.345,0.337,0,1,22,0.4
Dubai,Mumbai,maersk,6,5,0.875,0.791,0,1,7,6.3
Singapore,Chennai,dhl,4,1,0.397,0.156,0,0,10,0.0
Guangzhou,Kolkata,msc,12,1,0.03,0.445,1,0,14,7.8
Shanghai,Kolkata,msc,3,1,0.794,0.659,0,0,16,8.5
Dubai,Mumbai,ups,2,2,0.411,0.427,0,0,7,2.7
Singapore,Chennai,dhl,7,4,0.43,0.279,0,1,10,4.4
Singapore,Chennai,dhl,1,2,0.992,0.294,1,0,10,10.9
Singapore,Chennai,ups,10,6,0.253,0.866,0,0,10,1.6
Guangzhou,Kolkata,maersk,1,5,0.603,0.683,1,0,14,9.0
Singapore,Chennai,cma_cgm,4,5,0.143,0.018,0,0,10,2.6
Shanghai,Mumbai,ups,8,0,0.652,0.251,0,1,18,4.2
Hamburg,Kolkata,ups,6,0,0.849,0.045,0,1,25,0.0
Guangzhou,Kolkata,dhl,2,3,0.332,0.465,0,0,14,5.5
Shanghai,Mumbai,fedex,9,1,0.842,0.483,0,1,18,8.3
Singapore,Chennai,cma_cgm,11,1,0.664,0.965,1,0,10,9.4
Rotterdam,Mumbai,msc,5,3,0.166,0.025,0,0,22,5.1
Rotterdam,Mumbai,fedex,8,5,0.8,0.863,0,1,22,0.0
Hamburg,Kolkata,cma_cgm,4,4,0.293,0.525,0,0,25,6.4
Shanghai,Mumbai,dhl,4,3,0.946,0.296,0,0,18,5.1
Colombo,Mumbai,ups,11,2,0.924,0.326,1,0,5,6.0
Hamburg,Kolkata,cma_cgm,12,0,0.665,0.557,1,0,25,0.1
Shanghai,Kolkata,cma_cgm,12,0,0.832,0.918,1,0,16,5.5
Singapore,Chennai,maersk,11,0,0.014,0.323,1,0,10,3.8
Singapore,Chennai,maersk,6,5,0.54,0.851,0,1,10,6.0
Shanghai,Mumbai,ups,6,6,0.549,0.38,0,1,18,6.5
Rotterdam,Mumbai,ups,12,2,0.24,0.095,1,0,22,0.0
Dubai,Mumbai,cma_cgm,8,2,0.532,0.874,0,1,7,5.4
Dubai,Mumbai,msc,3,0,0.32,0.476,0,0,7,2.8
Singapore,Chennai,cma_cgm,8,4,0.695,0.365,0,1,10,1.6
Singapore,Chennai,maersk,5,2,0.12,0.573,0,0,10,3.7
Dubai,Mumbai,cma_cgm,3,5,0.093,0.78,0,0,7,1.3
Rotterdam,Mumbai,msc,9,5,0.308,0.492,0,1,22,1.3
Colombo,Mumbai,msc,8,1,0.524,0.282,0,1,5,5.7
Shanghai,Kolkata,maersk,12,0,0.086,0.057,1,0,16,3.5
Shanghai,Kolkata,cma_cgm,11,1,0.296,0.933,1,0,16,2.9
Guangzhou,Kolkata,maersk,3,5,0.252,0.308,0,0,14,4.6
Colombo,Mumbai,maersk,4,5,0.894,0.075,0,0,5,4.5
Shanghai,Kolkata,ups,4,0,0.7,0.77,0,0,16,5.5
Rotterdam,Mumbai,cma_cgm,5,0,0.975,0.833,0,0,22,5.3
Hamburg,Kolkata,dhl,4,5,0.628,0.931,0,0,25,0.0
Singapore,Chennai,cma_cgm,9,6,0.79,0.318,0,1,10,8.1
Dubai,Mumbai,dhl,10,0,0.062,0.339,0,0,7,0.0
Hamburg,Kolkata,msc,1,2,0.452,0.355,1,0,25,5.4
Rotterdam,Mumbai,ups,8,0,0.415,0.387,0,1,22,0.2
Singapore,Chennai,fedex,6,6,0.415,0.73,0,1,10,8.2
Shanghai,Mumbai,fedex,1,0,0.181,0.262,1,0,18,0.0
Dubai,Mumbai,msc,1,0,0.163,0.676,1,0,7,4.9
Singapore,Chennai,dhl,4,2,0.698,0.215,0,0,10,2.5
Rotterdam,Mumbai,maersk,8,4,0.254,0.295,0,1,22,1.6
Singapore,Chennai,maersk,11,2,0.593,0.148,1,0,10,7.3
Shanghai,Kolkata,msc,5,0,0.524,0.319,0,0,16,4.0
Colombo,Mumbai,dhl,4,5,0.08,0.477,0,0,5,1.9
Guangzhou,Kolkata,fedex,5,6,0.941,0.124,0,0,14,5.0
Guangzhou,Kolkata,fedex,7,1,0.177,0.722,0,1,14,3.0
Rotterdam,Mumbai,fedex,5,5,0.672,0.481,0,0,22,0.9
Rotterdam,Mumbai,msc,6,5,0.022,0.983,0,1,22,1.0
Shanghai,Kolkata,fedex,4,6,0.381,0.055,0,0,16,0.1
Dubai,Mumbai,maersk,2,3,0.752,0.906,0,0,7,4.5
Dubai,Mumbai,msc,11,1,0.264,0.504,1,0,7,5.8
Colombo,Mumbai,cma_cgm,2,3,0.935,0.466,0,0,5,5.0
Dubai,Mumbai,cma_cgm,7,3,0.415,0.014,0,1,7,3.7
Shanghai,Mumbai,dhl,10,4,0.82,0.825,0,0,18,1.7
Dubai,Mumbai,fedex,11,6,0.374,0.625,1,0,7,6.3
Dubai,Mumbai,maersk,3,1,0.202,0.387,0,0,7,1.8
Rotterdam,Mumbai,ups,3,2,0.383,0.839,0,0,22,0.2
Singapore,Chennai,msc,3,4,0.026,0.553,0,0,10,2.4
Shanghai,Mumbai,msc,5,0,0.918,0.778,0,0,18,6.1
Guangzhou,Kolkata,dhl,6,0,0.646,0.046,0,1,14,2.3
Singapore,Chennai,dhl,1,3,0.123,0.519,1,0,10,2.6
Shanghai,Mumbai,msc,9,6,0.99,0.684,0,1,18,11.5
Guangzhou,Kolkata,maersk,12,6,0.67,0.642,1,0,14,0.1
Dubai,Mumbai,dhl,8,3,0.58,0.022,0,1,7,3.5
Colombo,Mumbai,cma_cgm,5,0,0.051,0.618,0,0,5,2.5
Guangzhou,Kolkata,fedex,10,6,0.112,0.332,0,0,14,0.0
Shanghai,Kolkata,dhl,7,2,0.844,0.325,0,1,16,9.4
Guangzhou,Kolkata,cma_cgm,6,4,0.225,0.399,0,1,14,4.8
Shanghai,Kolkata,cma_cgm,3,1,0.81,0.273,0,0,16,4.2
Singapore,Chennai,maersk,1,2,0.522,0.068,1,0,10,5.3
Colombo,Mumbai,cma_cgm,7,3,0.997,0.135,0,1,5,7.1
Colombo,Mumbai,maersk,12,4,0.133,0.159,1,0,5,2.8
Colombo,Mumbai,maersk,11,6,0.589,0.939,1,0,5,5.6
Guangzhou,Kolkata,dhl,5,0,0.199,0.315,0,0,14,0.0
Shanghai,Kolkata,fedex,4,2,0.261,0.695,0,0,16,4.3
Rotterdam,Mumbai,dhl,5,1,0.513,0.131,0,0,22,0.0
Hamburg,Kolkata,ups,12,0,0.694,0.183,1,0,25,1.3
Guangzhou,Kolkata,fedex,9,5,0.908,0.243,0,1,14,4.5
Guangzhou,Kolkata,maersk,7,4,0.472,0.091,0,1,14,2.2
Guangzhou,Kolkata,dhl,4,4,0.125,0.254,0,0,14,0.0
Shanghai,Mumbai,msc,11,1,0.891,0.597,1,0,18,11.0
Dubai,Mumbai,maersk,9,5,0.913,0.572,0,1,7,5.7
Singapore,Chennai,fedex,2,0,0.555,0.588,0,0,10,1.5
Guangzhou,Kolkata,cma_cgm,9,2,0.088,0.172,0,1,14,0.0
Singapore,Chennai,msc,9,6,0.014,0.649,0,1,10,3.8
Shanghai,Mumbai,ups,9,1,0.933,0.02,0,1,18,14.3
Guangzhou,Kolkata,fedex,4,1,0.736,0.208,0,0,14,0.0
Shanghai,Mumbai,maersk,9,5,0.256,0.221,0,1,18,11.7
Guangzhou,Kolkata,msc,8,0,0.76,0.313,0,1,14,6.0
Colombo,Mumbai,msc,7,6,0.977,0.646,0,1,5,7.3
Dubai,Mumbai,ups,7,6,0.692,0.966,0,1,7,6.8
Singapore,Chennai,dhl,2,0,0.729,0.575,0,0,10,3.6
Guangzhou,Kolkata,maersk,2,2,0.645,0.745,0,0,14,0.2
Dubai,Mumbai,cma_cgm,11,3,0.269,0.199,1,0,7,4.3
Singapore,Chennai,dhl,12,6,0.765,0.143,1,0,10,5.0
Dubai,Mumbai,cma_cgm,4,6,0.026,0.788,0,0,7,1.7
Dubai,Mumbai,fedex,12,3,0.486,0.546,1,0,7,5.7
Rotterdam,Mumbai,ups,7,2,0.785,0.274,0,1,22,2.8
Shanghai,Kolkata,dhl,8,2,0.511,0.12,0,1,16,5.9
Guangzhou,Kolkata,msc,3,2,0.861,0.137,0,0,14,4.1
Colombo,Mumbai,cma_cgm,11,2,0.946,0.313,1,0,5,7.3
Dubai,Mumbai,dhl,1,4,0.742,0.678,1,0,7,6.9
Hamburg,Kolkata,ups,8,6,0.717,0.475,0,1,25,2.9
Hamburg,Kolkata,msc,7,0,0.821,0.677,0,1,25,0.0
Rotterdam,Mumbai,dhl,11,6,0.477,0.793,1,0,22,13.5
Colombo,Mumbai,maersk,4,6,0.105,0.839,0,0,5,3.8
Shanghai,Kolkata,dhl,12,3,0.113,0.408,1,0,16,5.9
Hamburg,Kolkata,fedex,6,2,0.679,0.631,0,1,25,0.0
Shanghai,Kolkata,ups,9,1,0.776,0.393,0,1,16,2.7
Colombo,Mumbai,cma_cgm,4,0,0.222,0.056,0,0,5,1.8
Rotterdam,Mumbai,fedex,2,5,0.463,0.033,0,0,22,0.0
Colombo,Mumbai,ups,9,5,0.063,0.397,0,1,5,0.0
Shanghai,Mumbai,cma_cgm,4,4,0.411,0.818,0,0,18,0.0
Rotterdam,Mumbai,fedex,10,0,0.137,0.277,0,0,22,6.9
Shanghai,Mumbai,dhl,5,4,0.921,0.345,0,0,18,7.1
Shanghai,Mumbai,ups,8,0,0.419,0.22,0,1,18,5.3
Shanghai,Kolkata,ups,6,2,0.068,0.724,0,1,16,5.1
Shanghai,Mumbai,dhl,1,3,0.512,0.349,1,0,18,10.0
Singapore,Chennai,fedex,9,6,0.036,0.994,0,1,10,0.4
Colombo,Mumbai,fedex,7,1,0.19,0.039,0,1,5,3.3
Rotterdam,Mumbai,dhl,5,2,0.676,0.509,0,0,22,1.0
Shanghai,Kolkata,fedex,7,5,0.01,0.778,0,1,16,3.6
Colombo,Mumbai,fedex,10,6,0.755,0.249,0,0,5,3.2
Shanghai,Mumbai,msc,1,3,0.863,0.267,1,0,18,11.3
Shanghai,Kolkata,msc,10,2,0.122,0.018,0,0,16,1.7
Singapore,Chennai,maersk,6,0,0.951,0.137,0,1,10,3.4
Hamburg,Kolkata,dhl,7,3,0.417,0.377,0,1,25,4.4
Hamburg,Kolkata,maersk,4,5,0.493,0.33,0,0,25,2.2
Shanghai,Mumbai,cma_cgm,7,0,0.844,0.916,0,1,18,6.0
Dubai,Mumbai,maersk,9,3,0.021,0.761,0,1,7,7.0
Colombo,Mumbai,msc,11,4,0.483,0.212,1,0,5,5.0
Singapore,Chennai,dhl,4,1,0.502,0.014,0,0,10,1.7
Guangzhou,Kolkata,cma_cgm,4,5,0.545,0.16,0,0,14,10.6
Dubai,Mumbai,fedex,10,1,0.31,0.503,0,0,7,3.3
Singapore,Chennai,dhl,6,6,0.547,0.087,0,1,10,5.0
Guangzhou,Kolkata,cma_cgm,1,6,0.951,0.21,1,0,14,9.5
Shanghai,Kolkata,maersk,9,4,0.141,0.764,0,1,16,7.3
Shanghai,Mumbai,cma_cgm,7,5,0.478,0.768,0,1,18,11.3
Shanghai,Mumbai,dhl,9,6,0.746,0.826,0,1,18,11.2
Shanghai,Kolkata,fedex,11,6,0.82,0.562,1,0,16,7.7
Guangzhou,Kolkata,fedex,2,5,0.814,0.382,0,0,14,4.4
Shanghai,Mumbai,dhl,10,2,0.237,0.3,0,0,18,5.8
Shanghai,Mumbai,cma_cgm,11,3,0.204,0.469,1,0,18,11.1
Guangzhou,Kolkata,fedex,2,6,0.11,0.884,0,0,14,5.8
Hamburg,Kolkata,fedex,1,2,0.056,0.61,1,0,25,0.0
Dubai,Mumbai,ups,6,0,0.081,0.147,0,1,7,0.8
Rotterdam,Mumbai,dhl,2,0,0.246,0.812,0,0,22,0.8
Singapore,Chennai,dhl,1,4,0.57,0.582,1,0,10,3.0
Guangzhou,Kolkata,ups,8,1,0.535,0.195,0,1,14,6.2
Colombo,Mumbai,msc,5,4,0.328,0.372,0,0,5,2.1
Guangzhou,Kolkata,maersk,4,6,0.881,0.05,0,0,14,7.7
Shanghai,Kolkata,maersk,12,4,0.873,0.087,1,0,16,12.0
Hamburg,Kolkata,msc,1,1,0.829,0.19,1,0,25,5.7
Shanghai,Mumbai,fedex,3,0,0.299,0.431,0,0,18,6.2
Shanghai,Mumbai,fedex,3,3,0.791,0.601,0,0,18,0.3
Hamburg,Kolkata,cma_cgm,4,4,0.745,0.446,0,0,25,12.5
Shanghai,Kolkata,msc,6,3,0.186,0.749,0,1,16,0.0
Dubai,Mumbai,fedex,10,5,0.292,0.749,0,0,7,0.0
Singapore,Chennai,msc,10,2,0.613,0.806,0,0,10,4.7
Shanghai,Mumbai,msc,10,3,0.536,0.618,0,0,18,8.8
Rotterdam,Mumbai,msc,4,1,0.022,0.358,0,0,22,7.8
Rotterdam,Mumbai,dhl,12,1,0.153,0.728,1,0,22,11.2
Guangzhou,Kolkata,msc,3,1,0.937,0.516,0,0,14,7.6
Rotterdam,Mumbai,msc,6,1,0.328,0.816,0,1,22,0.0
Shanghai,Kolkata,maersk,6,3,0.87,0.088,0,1,16,10.2
Colombo,Mumbai,maersk,5,2,0.274,0.828,0,0,5,4.1
Shanghai,Mumbai,maersk,6,0,0.518,0.748,0,1,18,8.3
Shanghai,Mumbai,maersk,6,1,0.667,0.435,0,1,18,5.7
Hamburg,Kolkata,fedex,9,1,0.726,0.121,0,1,25,9.0
Hamburg,Kolkata,maersk,1,3,0.057,0.175,1,0,25,9.3
Shanghai,Mumbai,msc,2,4,0.124,0.121,0,0,18,5.6
Guangzhou,Kolkata,fedex,6,4,0.667,0.623,0,1,14,4.4
Colombo,Mumbai,fedex,11,3,0.519,0.198,1,0,5,6.7
Singapore,Chennai,msc,10,3,0.507,0.856,0,0,10,6.0
Singapore,Chennai,fedex,7,3,0.923,0.502,0,1,10,7.1
Shanghai,Mumbai,fedex,6,5,0.037,0.475,0,1,18,4.7
Guangzhou,Kolkata,cma_cgm,1,2,0.741,0.485,1,0,14,5.8
Guangzhou,Kolkata,ups,8,5,0.614,0.237,0,1,14,0.0
Colombo,Mumbai,msc,9,3,0.837,0.24,0,1,5,5.5
Dubai,Mumbai,fedex,9,3,0.378,0.981,0,1,7,7.6
Shanghai,Mumbai,msc,8,5,0.383,0.719,0,1,18,4.6
Shanghai,Kolkata,dhl,5,1,0.262,0.422,0,0,16,1.2
Guangzhou,Kolkata,ups,6,1,0.332,0.316,0,1,14,1.6
Rotterdam,Mumbai,cma_cgm,12,4,0.099,0.767,1,0,22,5.9
Colombo,Mumbai,dhl,4,1,0.631,0.456,0,0,5,4.0
Dubai,Mumbai,fedex,7,2,0.282,0.318,0,1,7,4.7
Rotterdam,Mumbai,fedex,6,4,0.317,0.22,0,1,22,2.8
Colombo,Mumbai,maersk,10,1,0.752,0.906,0,0,5,5.5
Rotterdam,Mumbai,cma_cgm,12,1,0.011,0.394,1,0,22,11.8
Guangzhou,Kolkata,msc,7,5,0.766,0.406,0,1,14,7.2
Guangzhou,Kolkata,msc,9,4,0.316,0.845,0,1,14,7.8
Colombo,Mumbai,msc,3,6,0.625,0.155,0,0,5,2.4
Singapore,Chennai,fedex,5,6,0.326,0.469,0,0,10,0.9
Rotterdam,Mumbai,dhl,11,6,0.209,0.13,1,0,22,5.8
Singapore,Chennai,ups,10,0,0.009,0.382,0,0,10,0.0
Colombo,Mumbai,dhl,12,0,0.538,0.913,1,0,5,6.6
Rotterdam,Mumbai,fedex,2,4,0.445,0.488,0,0,22,0.5
Guangzhou,Kolkata,cma_cgm,11,1,0.429,0.629,1,0,14,7.3
Rotterdam,Mumbai,maersk,10,2,0.798,0.739,0,0,22,0.0
Rotterdam,Mumbai,ups,3,5,0.283,0.304,0,0,22,7.6
Dubai,Mumbai,dhl,5,1,0.741,0.543,0,0,7,2.6
Shanghai,Mumbai,fedex,9,5,0.394,0.608,0,1,18,10.5
Guangzhou,Kolkata,msc,4,4,0.289,0.369,0,0,14,1.6
Colombo,Mumbai,fedex,1,2,0.057,0.583,1,0,5,4.8
Hamburg,Kolkata,msc,1,2,0.411,0.505,1,0,25,11.5
Guangzhou,Kolkata,dhl,8,6,0.797,0.508,0,1,14,2.7
Dubai,Mumbai,fedex,7,0,0.717,0.582,0,1,7,7.4
Shanghai,Kolkata,ups,11,3,0.939,0.295,1,0,16,11.0
Shanghai,Mumbai,cma_cgm,2,0,0.997,0.427,0,0,18,4.8
Singapore,Chennai,ups,8,3,0.878,0.204,0,1,10,5.7
Shanghai,Kolkata,msc,5,4,0.291,0.469,0,0,16,6.7
Rotterdam,Mumbai,maersk,2,5,0.129,0.298,0,0,22,0.8
Shanghai,Kolkata,dhl,12,4,0.333,0.94,1,0,16,9.2
Rotterdam,Mumbai,fedex,10,0,0.179,0.891,0,0,22,11.3
Singapore,Chennai,maersk,5,0,0.72,0.282,0,0,10,3.3
Rotterdam,Mumbai,cma_cgm,5,0,0.022,0.774,0,0,22,1.7
Rotterdam,Mumbai,cma_cgm,11,6,0.29,0.562,1,0,22,0.0
Rotterdam,Mumbai,cma_cgm,8,0,0.568,0.792,0,1,22,10.4
Shanghai,Kolkata,fedex,11,4,0.945,0.057,1,0,16,5.7
Hamburg,Kolkata,msc,4,5,0.279,0.959,0,0,25,5.3
Hamburg,Kolkata,dhl,3,0,0.999,0.055,0,0,25,0.0
Rotterdam,Mumbai,maersk,9,2,0.73,0.358,0,1,22,14.8
Hamburg,Kolkata,maersk,5,4,0.347,0.794,0,0,25,2.0
Rotterdam,Mumbai,fedex,3,2,0.68,0.57,0,0,22,6.5
Shanghai,Mumbai,dhl,11,6,0.534,0.688,1,0,18,5.6
Dubai,Mumbai,dhl,5,6,0.867,0.956,0,0,7,5.8
Colombo,Mumbai,ups,4,5,0.129,0.058,0,0,5,0.1
Singapore,Chennai,ups,9,3,0.544,0.695,0,1,10,5.4
Singapore,Chennai,fedex,1,5,0.772,0.17,1,0,10,5.1
Shanghai,Mumbai,dhl,12,0,0.782,0.484,1,0,18,7.0
Dubai,Mumbai,ups,12,3,0.238,0.224,1,0,7,5.9
Shanghai,Mumbai,fedex,11,2,0.185,0.182,1,0,18,7.7
Colombo,Mumbai,maersk,12,1,0.654,0.873,1,0,5,6.9
Guangzhou,Kolkata,msc,8,5,0.926,0.66,0,1,14,4.4
Dubai,Mumbai,dhl,11,0,0.244,0.967,1,0,7,3.8
Dubai,Mumbai,fedex,5,5,0.348,0.896,0,0,7,2.8
Singapore,Chennai,fedex,11,5,0.688,0.273,1,0,10,6.0
Singapore,Chennai,ups,6,6,0.049,0.386,0,1,10,0.0
Singapore,Chennai,fedex,5,3,0.192,0.309,0,0,10,0.0
Singapore,Chennai,fedex,2,1,0.522,0.641,0,0,10,2.2
Shanghai,Mumbai,maersk,12,2,0.089,0.677,1,0,18,9.6
Hamburg,Kolkata,fedex,6,4,0.74,0.211,0,1,25,3.7
Dubai,Mumbai,maersk,6,5,0.953,0.073,0,1,7,8.4
Singapore,Chennai,ups,1,6,0.254,0.878,1,0,10,5.1
Singapore,Chennai,cma_cgm,3,4,0.722,0.007,0,0,10,2.5
Rotterdam,Mumbai,maersk,5,5,0.976,0.955,0,0,22,3.2
Colombo,Mumbai,cma_cgm,3,6,0.268,0.432,0,0,5,3.3
Rotterdam,Mumbai,msc,11,5,0.687,0.313,1,0,22,6.9
Shanghai,Mumbai,ups,4,1,0.329,0.693,0,0,18,1.2
Guangzhou,Kolkata,cma_cgm,11,6,0.862,0.816,1,0,14,8.2
Rotterdam,Mumbai,fedex,1,0,0.752,0.568,1,0,22,1.2
Rotterdam,Mumbai,maersk,3,4,0.518,0.722,0,0,22,4.9
Singapore,Chennai,fedex,3,6,0.233,0.492,0,0,10,0.0
Guangzhou,Kolkata,cma_cgm,9,6,0.504,0.323,0,1,14,4.0
Shanghai,Kolkata,dhl,11,5,0.708,0.106,1,0,16,0.0
Hamburg,Kolkata,cma_cgm,2,5,0.628,0.439,0,0,25,4.0
Shanghai,Mumbai,msc,1,5,0.807,0.252,1,0,18,4.3
Guangzhou,Kolkata,cma_cgm,6,4,0.866,0.499,0,1,14,3.4
Dubai,Mumbai,msc,2,6,0.163,0.104,0,0,7,0.0
Dubai,Mumbai,fedex,12,1,0.528,0.467,1,0,7,5.3
Rotterdam,Mumbai,ups,4,4,0.075,0.112,0,0,22,0.0
Dubai,Mumbai,fedex,7,1,0.899,0.134,0,1,7,7.4
Rotterdam,Mumbai,fedex,3,0,0.932,0.858,0,0,22,3.1
Guangzhou,Kolkata,maersk,7,3,0.464,0.789,0,1,14,10.4
Hamburg,Kolkata,fedex,11,2,0.223,0.408,1,0,25,10.0
Hamburg,Kolkata,cma_cgm,2,2,0.092,0.681,0,0,25,2.6
Dubai,Mumbai,msc,7,0,0.912,0.439,0,1,7,8.9
Dubai,Mumbai,maersk,2,1,0.064,0.593,0,0,7,2.5
Guangzhou,Kolkata,msc,6,4,0.947,0.275,0,1,14,7.4
Singapore,Chennai,cma_cgm,5,0,0.338,0.914,0,0,10,4.9
Guangzhou,Kolkata,cma_cgm,12,1,0.316,0.125,1,0,14,6.3
Dubai,Mumbai,dhl,5,2,0.87,0.891,0,0,7,1.2
Rotterdam,Mumbai,fedex,6,2,0.821,0.245,0,1,22,0.0
Dubai,Mumbai,cma_cgm,9,2,0.352,0.446,0,1,7,2.0
Colombo,Mumbai,maersk,6,6,0.025,0.721,0,1,5,4.8
Colombo,Mumbai,fedex,2,0,0.527,0.583,0,0,5,4.1
Hamburg,Kolkata,msc,4,4,0.184,0.057,0,0,25,6.5
Shanghai,Kolkata,dhl,8,4,0.017,0.049,0,1,16,5.0
Shanghai,Mumbai,dhl,9,0,0.596,0.274,0,1,18,5.1
Guangzhou,Kolkata,ups,3,0,0.626,0.581,0,0,14,6.0
Shanghai,Kolkata,fedex,4,0,0.126,0.13,0,0,16,4.0
Shanghai,Mumbai,dhl,5,2,0.963,0.628,0,0,18,5.9
Hamburg,Kolkata,ups,2,1,0.703,0.834,0,0,25,12.0
Singapore,Chennai,cma_cgm,5,3,0.851,0.286,0,0,10,1.8
Shanghai,Mumbai,ups,4,4,0.58,0.167,0,0,18,6.7
Hamburg,Kolkata,maersk,8,5,0.621,0.048,0,1,25,2.5
Guangzhou,Kolkata,maersk,8,3,0.222,0.208,0,1,14,3.3
Dubai,Mumbai,dhl,3,5,0.895,0.574,0,0,7,6.3
Guangzhou,Kolkata,maersk,4,2,0.928,0.165,0,0,14,3.2
Dubai,Mumbai,fedex,2,6,0.906,0.055,0,0,7,3.1
Singapore,Chennai,dhl,10,0,0.103,0.657,0,0,10,3.7
Shanghai,Mumbai,msc,4,1,0.684,0.19,0,0,18,0.0
Dubai,Mumbai,cma_cgm,6,3,0.144,0.105,0,1,7,6.5
Guangzhou,Kolkata,maersk,1,4,0.141,0.13,1,0,14,0.0
Rotterdam,Mumbai,msc,4,3,0.924,0.821,0,0,22,8.8
Guangzhou,Kolkata,dhl,2,5,0.229,0.218,0,0,14,2.1
Dubai,Mumbai,dhl,1,4,0.183,0.007,1,0,7,0.0
Hamburg,Kolkata,maersk,1,2,0.226,0.132,1,0,25,1.7
Shanghai,Mumbai,maersk,11,4,0.817,0.448,1,0,18,9.0
Rotterdam,Mumbai,cma_cgm,7,3,0.31,0.762,0,1,22,5.5
Shanghai,Mumbai,dhl,1,3,0.067,0.268,1,0,18,1.8
Shanghai,Mumbai,ups,2,5,0.35,0.316,0,0,18,4.4
Singapore,Chennai,fedex,2,0,0.096,0.898,0,0,10,4.0
Dubai,Mumbai,cma_cgm,3,2,0.869,0.174,0,0,7,4.6
Guangzhou,Kolkata,msc,10,0,0.805,0.077,0,0,14,2.5
Shanghai,Kolkata,cma_cgm,1,3,0.237,0.084,1,0,16,5.6
Rotterdam,Mumbai,ups,9,1,0.164,0.299,0,1,22,9.0
Hamburg,Kolkata,fedex,12,4,0.816,0.378,1,0,25,4.2
Hamburg,Kolkata,maersk,4,0,0.709,0.906,0,0,25,1.2
Dubai,Mumbai,dhl,2,4,0.144,0.658,0,0,7,3.1
Colombo,Mumbai,fedex,5,1,0.063,0.611,0,0,5,1.9
Colombo,Mumbai,maersk,9,1,0.637,0.071,0,1,5,5.2
Rotterdam,Mumbai,maersk,10,0,0.816,0.432,0,0,22,0.0
Dubai,Mumbai,msc,10,0,0.887,0.411,0,0,7,8.4
Guangzhou,Kolkata,fedex,5,3,0.094,0.017,0,0,14,4.0
Hamburg,Kolkata,ups,11,5,0.212,0.736,1,0,25,4.5
Shanghai,Mumbai,dhl,3,3,0.717,0.664,0,0,18,0.0
Dubai,Mumbai,maersk,7,2,0.02,0.587,0,1,7,5.5
Guangzhou,Kolkata,ups,7,3,0.718,0.443,0,1,14,0.0
Dubai,Mumbai,dhl,7,6,0.588,0.211,0,1,7,5.1
Rotterdam,Mumbai,dhl,10,4,0.258,0.867,0,0,22,0.0
Shanghai,Mumbai,maersk,7,0,0.488,0.204,0,1,18,0.0
Shanghai,Kolkata,dhl,10,0,0.131,0.291,0,0,16,4.5
Hamburg,Kolkata,cma_cgm,2,5,0.001,0.594,0,0,25,6.6
Shanghai,Mumbai,cma_cgm,10,5,0.832,0.463,0,0,18,10.7
Guangzhou,Kolkata,msc,3,5,0.543,0.129,0,0,14,0.8
Rotterdam,Mumbai,ups,9,1,0.778,0.22,0,1,22,3.6
Shanghai,Kolkata,msc,2,0,0.927,0.71,0,0,16,7.6
Shanghai,Kolkata,fedex,8,2,0.666,0.285,0,1,16,0.0
Shanghai,Mumbai,maersk,3,1,0.966,0.175,0,0,18,0.0
Hamburg,Kolkata,msc,5,0,0.673,0.614,0,0,25,9.1
Guangzhou,Kolkata,msc,9,1,0.025,0.407,0,1,14,3.8
Dubai,Mumbai,fedex,3,5,0.042,0.207,0,0,7,0.0
Shanghai,Mumbai,maersk,10,0,0.966,0.342,0,0,18,8.9
Guangzhou,Kolkata,ups,3,1,0.79,0.616,0,0,14,5.8
Shanghai,Mumbai,ups,3,5,0.309,0.369,0,0,18,4.4
Rotterdam,Mumbai,maersk,10,2,0.406,0.772,0,0,22,6.6
Singapore,Chennai,msc,1,6,0.689,0.341,1,0,10,7.4
Guangzhou,Kolkata,cma_cgm,6,6,0.85,0.289,0,1,14,4.4
Dubai,Mumbai,ups,3,2,0.15,0.538,0,0,7,5.2
Rotterdam,Mumbai,maersk,12,3,0.045,0.143,1,0,22,7.9
Guangzhou,Kolkata,dhl,11,2,0.05,0.599,1,0,14,4.0
Rotterdam,Mumbai,ups,4,6,0.818,0.667,0,0,22,3.7
Shanghai,Mumbai,fedex,9,1,0.485,0.149,0,1,18,0.0
Rotterdam,Mumbai,maersk,12,0,0.084,0.643,1,0,22,6.5
Hamburg,Kolkata,ups,2,5,0.266,0.031,0,0,25,2.7
Singapore,Chennai,ups,8,5,0.866,0.521,0,1,10,4.0
Singapore,Chennai,msc,2,3,0.418,0.853,0,0,10,3.7
Shanghai,Kolkata,msc,9,1,0.016,0.616,0,1,16,2.4
Singapore,Chennai,maersk,2,6,0.234,0.639,0,0,10,4.3
Colombo,Mumbai,fedex,1,1,0.867,0.594,1,0,5,5.4
Singapore,Chennai,maersk,10,1,0.453,0.853,0,0,10,2.5
Rotterdam,Mumbai,dhl,7,0,0.361,0.359,0,1,22,3.9
Rotterdam,Mumbai,msc,3,4,0.493,0.472,0,0,22,9.8
Shanghai,Kolkata,fedex,9,0,0.935,0.726,0,1,16,6.3
Dubai,Mumbai,maersk,6,2,0.605,0.528,0,1,7,6.2
Colombo,Mumbai,ups,11,2,0.778,0.171,1,0,5,5.3
Hamburg,Kolkata,dhl,7,2,0.544,0.552,0,1,25,0.0
Guangzhou,Kolkata,maersk,4,0,0.184,0.498,0,0,14,0.0
Dubai,Mumbai,msc,9,1,0.077,0.664,0,1,7,3.8
Shanghai,Kolkata,dhl,7,0,0.945,0.917,0,1,16,1.8
Shanghai,Kolkata,ups,10,0,0.198,0.874,0,0,16,6.3
Colombo,Mumbai,maersk,10,0,0.519,0.234,0,0,5,2.2
Guangzhou,Kolkata,ups,6,2,0.376,0.923,0,1,14,0.0
Guangzhou,Kolkata,dhl,12,2,0.989,0.265,1,0,14,7.0
Guangzhou,Kolkata,cma_cgm,3,5,0.114,0.004,0,0,14,1.2
Shanghai,Kolkata,maersk,12,6,0.285,0.376,1,0,16,8.9
Shanghai,Kolkata,ups,2,2,0.077,0.018,0,0,16,0.0
Guangzhou,Kolkata,cma_cgm,7,2,0.802,0.466,0,1,14,3.6
Colombo,Mumbai,fedex,11,4,0.118,0.757,1,0,5,4.2
Dubai,Mumbai,ups,7,5,0.505,0.68,0,1,7,2.7
Shanghai,Mumbai,ups,10,2,0.996,0.666,0,0,18,8.4
Colombo,Mumbai,fedex,7,4,0.889,0.062,0,1,5,4.9
Colombo,Mumbai,dhl,9,2,0.567,0.65,0,1,5,4.2
Shanghai,Mumbai,dhl,11,6,0.512,0.527,1,0,18,0.0
Dubai,Mumbai,msc,4,3,0.198,0.319,0,0,7,0.0
Shanghai,Kolkata,cma_cgm,12,5,0.022,0.803,1,0,16,5.6
Hamburg,Kolkata,cma_cgm,3,5,0.257,0.093,0,0,25,1.7
Colombo,Mumbai,maersk,6,5,0.141,0.921,0,1,5,4.4
Singapore,Chennai,dhl,11,3,0.611,0.001,1,0,10,4.1
Guangzhou,Kolkata,maersk,4,4,0.927,0.484,0,0,14,8.1
Hamburg,Kolkata,fedex,12,1,0.889,0.693,1,0,25,4.8
Colombo,Mumbai,fedex,9,4,0.798,0.707,0,1,5,5.3
Singapore,Chennai,cma_cgm,7,3,0.047,0.176,0,1,10,2.7
Hamburg,Kolkata,msc,5,2,0.501,0.384,0,0,25,0.0
Guangzhou,Kolkata,msc,3,3,0.651,0.867,0,0,14,5.4
Guangzhou,Kolkata,dhl,3,1,0.169,0.188,0,0,14,0.0
Shanghai,Mumbai,msc,12,0,0.464,0.174,1,0,18,9.4
Shanghai,Kolkata,msc,5,2,0.836,0.215,0,0,16,0.0
Guangzhou,Kolkata,maersk,6,2,0.191,0.462,0,1,14,2.5
Singapore,Chennai,ups,11,5,0.671,0.664,1,0,10,7.6
Rotterdam,Mumbai,dhl,10,1,0.962,0.775,0,0,22,11.9
Hamburg,Kolkata,msc,8,4,0.563,0.762,0,1,25,15.7
Dubai,Mumbai,msc,1,5,0.569,0.868,1,0,7,7.8
Guangzhou,Kolkata,dhl,8,6,0.389,0.952,0,1,14,4.3
Rotterdam,Mumbai,cma_cgm,4,1,0.881,0.35,0,0,22,5.9
Hamburg,Kolkata,cma_cgm,11,6,0.485,0.778,1,0,25,3.6
Hamburg,Kolkata,cma_cgm,5,2,0.014,0.363,0,0,25,7.9
Shanghai,Mumbai,cma_cgm,4,5,0.269,0.278,0,0,18,3.5
Singapore,Chennai,dhl,5,1,0.648,0.029,0,0,10,2.5
Shanghai,Mumbai,msc,9,6,0.081,0.193,0,1,18,12.6
Shanghai,Mumbai,dhl,3,2,0.467,0.053,0,0,18,4.3
Guangzhou,Kolkata,cma_cgm,7,0,0.19,0.461,0,1,14,13.1
Hamburg,Kolkata,msc,8,2,0.645,0.651,0,1,25,4.3
Colombo,Mumbai,cma_cgm,11,0,0.268,0.999,1,0,5,6.9
Shanghai,Kolkata,msc,7,2,0.569,0.921,0,1,16,6.5
Shanghai,Mumbai,fedex,7,6,0.065,0.466,0,1,18,4.4
Shanghai,Mumbai,fedex,2,3,0.801,0.632,0,0,18,1.3
Guangzhou,Kolkata,msc,5,0,0.193,0.606,0,0,14,2.8
Hamburg,Kolkata,maersk,9,4,0.718,0.581,0,1,25,12.3
Shanghai,Kolkata,cma_cgm,3,5,0.743,0.28,0,0,16,8.2
Guangzhou,Kolkata,cma_cgm,8,0,0.727,0.634,0,1,14,5.7
Hamburg,Kolkata,cma_cgm,11,6,0.919,0.44,1,0,25,0.5
Colombo,Mumbai,maersk,2,3,0.96,0.66,0,0,5,5.2
Hamburg,Kolkata,ups,9,3,0.048,0.352,0,1,25,2.3
Singapore,Chennai,dhl,9,6,0.425,0.386,0,1,10,3.8
Colombo,Mumbai,cma_cgm,10,3,0.465,0.058,0,0,5,2.8
Hamburg,Kolkata,cma_cgm,9,5,0.73,0.387,0,1,25,5.6
Singapore,Chennai,cma_cgm,11,1,0.882,0.515,1,0,10,10.2
Singapore,Chennai,cma_cgm,11,3,0.553,0.115,1,0,10,5.2
Hamburg,Kolkata,cma_cgm,8,2,0.657,0.198,0,1,25,0.0
Rotterdam,Mumbai,fedex,2,2,0.622,0.431,0,0,22,6.9
Guangzhou,Kolkata,fedex,1,5,0.32,0.907,1,0,14,0.1
Shanghai,Kolkata,cma_cgm,9,4,0.406,0.041,0,1,16,0.0
Singapore,Chennai,cma_cgm,1,2,0.268,0.811,1,0,10,3.6
Guangzhou,Kolkata,ups,12,2,0.071,0.934,1,0,14,6.1
Guangzhou,Kolkata,maersk,6,5,0.969,0.714,0,1,14,10.9
Guangzhou,Kolkata,msc,5,0,0.117,0.528,0,0,14,3.1
Guangzhou,Kolkata,ups,3,2,0.97,0.112,0,0,14,0.9
Colombo,Mumbai,fedex,4,2,0.424,0.715,0,0,5,1.2
Hamburg,Kolkata,dhl,1,3,0.444,0.891,1,0,25,10.0
Shanghai,Kolkata,dhl,7,6,0.524,0.963,0,1,16,5.6
Colombo,Mumbai,maersk,9,3,0.658,0.287,0,1,5,5.2
Singapore,Chennai,dhl,7,2,0.683,0.052,0,1,10,4.9
Shanghai,Kolkata,maersk,2,6,0.981,0.156,0,0,16,6.0
Shanghai,Kolkata,msc,11,4,0.793,0.187,1,0,16,9.4
Guangzhou,Kolkata,dhl,11,5,0.009,0.075,1,0,14,0.5
Shanghai,Kolkata,maersk,6,2,0.888,0.46,0,1,16,2.8
Shanghai,Mumbai,dhl,5,4,0.269,0.495,0,0,18,3.2
Shanghai,Mumbai,dhl,1,2,0.241,0.744,1,0,18,0.7
Rotterdam,Mumbai,msc,1,3,0.259,0.026,1,0,22,9.5
Shanghai,Kolkata,maersk,1,6,0.002,0.283,1,0,16,3.8
Rotterdam,Mumbai,dhl,2,6,0.676,0.19,0,0,22,7.4
Hamburg,Kolkata,msc,5,4,0.656,0.341,0,0,25,6.1
Shanghai,Mumbai,cma_cgm,8,3,0.637,0.975,0,1,18,13.1
Hamburg,Kolkata,msc,12,2,0.882,0.942,1,0,25,6.0
Guangzhou,Kolkata,cma_cgm,1,2,0.719,0.287,1,0,14,6.7
Rotterdam,Mumbai,maersk,9,5,0.302,0.384,0,1,22,6.2
Colombo,Mumbai,cma_cgm,12,3,0.769,0.902,1,0,5,8.1
Colombo,Mumbai,dhl,5,0,0.944,0.212,0,0,5,1.1
Guangzhou,Kolkata,maersk,12,5,0.9,0.782,1,0,14,13.8
Shanghai,Kolkata,maersk,10,0,0.248,0.036,0,0,16,2.4
Colombo,Mumbai,dhl,10,2,0.306,0.525,0,0,5,1.3
Hamburg,Kolkata,cma_cgm,3,1,0.767,0.973,0,0,25,3.4
Singapore,Chennai,fedex,2,6,0.438,0.818,0,0,10,2.7
Shanghai,Kolkata,dhl,2,0,0.639,0.338,0,0,16,3.3
Shanghai,Mumbai,fedex,12,1,0.756,0.794,1,0,18,9.7
Shanghai,Kolkata,cma_cgm,3,6,0.498,0.263,0,0,16,0.6
Shanghai,Mumbai,fedex,2,6,0.198,0.438,0,0,18,3.8
Shanghai,Mumbai,fedex,8,3,0.418,0.251,0,1,18,0.1
Dubai,Mumbai,dhl,2,0,0.808,0.388,0,0,7,2.7
Rotterdam,Mumbai,ups,8,3,0.332,0.744,0,1,22,9.6
Rotterdam,Mumbai,maersk,8,3,0.132,0.859,0,1,22,1.5
Colombo,Mumbai,ups,8,5,0.555,0.528,0,1,5,3.4
Dubai,Mumbai,maersk,11,4,0.694,0.016,1,0,7,6.7
Shanghai,Kolkata,fedex,12,4,0.543,0.073,1,0,16,2.1
Shanghai,Kolkata,fedex,10,1,0.662,0.356,0,0,16,5.0
Guangzhou,Kolkata,fedex,2,0,0.571,0.745,0,0,14,0.0
Guangzhou,Kolkata,cma_cgm,1,0,0.93,0.545,1,0,14,4.7
Singapore,Chennai,msc,8,4,0.099,0.232,0,1,10,4.9
Dubai,Mumbai,dhl,6,2,0.705,0.244,0,1,7,5.4
Colombo,Mumbai,ups,1,2,0.076,0.828,1,0,5,5.7
Guangzhou,Kolkata,cma_cgm,8,4,0.55,0.858,0,1,14,1.7
Shanghai,Kolkata,msc,12,1,0.011,0.417,1,0,16,5.0
Rotterdam,Mumbai,dhl,2,4,0.238,0.938,0,0,22,0.0
Shanghai,Mumbai,fedex,3,0,0.57,0.862,0,0,18,4.5
Rotterdam,Mumbai,dhl,12,6,0.993,0.408,1,0,22,6.2
Shanghai,Mumbai,fedex,6,0,0.587,0.174,0,1,18,1.0
Shanghai,Mumbai,maersk,12,5,0.065,0.973,1,0,18,4.5
Hamburg,Kolkata,ups,10,5,0.52,0.611,0,0,25,0.0
Rotterdam,Mumbai,msc,4,5,0.05,0.603,0,0,22,0.0
Dubai,Mumbai,cma_cgm,10,4,0.453,0.989,0,0,7,4.1
Shanghai,Kolkata,ups,1,6,0.316,0.729,1,0,16,3.1
Guangzhou,Kolkata,dhl,2,3,0.862,0.564,0,0,14,0.0
Singapore,Chennai,dhl,1,4,0.467,0.286,1,0,10,2.1
Shanghai,Kolkata,ups,11,0,0.527,0.057,1,0,16,3.3
Dubai,Mumbai,ups,11,6,0.818,0.958,1,0,7,6.3
Colombo,Mumbai,ups,11,1,0.774,0.052,1,0,5,3.9
Singapore,Chennai,msc,6,1,0.86,0.71,0,1,10,7.0
Shanghai,Kolkata,msc,10,1,0.975,0.966,0,0,16,8.5
Guangzhou,Kolkata,fedex,12,0,0.405,0.932,1,0,14,3.5
Rotterdam,Mumbai,ups,12,1,0.904,0.157,1,0,22,12.5
Rotterdam,Mumbai,maersk,4,3,0.915,0.167,0,0,22,0.0
Guangzhou,Kolkata,fedex,10,5,0.909,0.194,0,0,14,0.0
Rotterdam,Mumbai,cma_cgm,4,1,0.432,0.386,0,0,22,0.0
Dubai,Mumbai,ups,3,0,0.107,0.508,0,0,7,0.0
Colombo,Mumbai,cma_cgm,9,2,0.815,0.234,0,1,5,7.2
Singapore,Chennai,ups,9,1,0.306,0.152,0,1,10,1.8
Shanghai,Kolkata,ups,6,1,0.856,0.435,0,1,16,0.8
Guangzhou,Kolkata,cma_cgm,6,1,0.266,0.767,0,1,14,2.8
Dubai,Mumbai,cma_cgm,10,6,0.932,0.207,0,0,7,2.6
Rotterdam,Mumbai,dhl,3,1,0.659,0.511,0,0,22,9.5
Hamburg,Kolkata,fedex,1,5,0.112,0.115,1,0,25,1.9
Guangzhou,Kolkata,fedex,9,6,0.681,0.859,0,1,14,9.6
Singapore,Chennai,cma_cgm,1,3,0.802,0.851,1,0,10,8.8
Hamburg,Kolkata,cma_cgm,5,3,0.978,0.201,0,0,25,0.7
Dubai,Mumbai,msc,8,3,0.911,0.615,0,1,7,5.3
Shanghai,Kolkata,cma_cgm,12,2,0.21,0.566,1,0,16,3.2
Shanghai,Mumbai,msc,12,0,0.698,0.638,1,0,18,7.3
Hamburg,Kolkata,fedex,7,3,0.159,0.053,0,1,25,0.0
Singapore,Chennai,ups,2,1,0.757,0.306,0,0,10,3.3
Shanghai,Mumbai,dhl,4,6,0.566,0.763,0,0,18,1.8
Dubai,Mumbai,fedex,1,2,0.447,0.007,1,0,7,2.5
Singapore,Chennai,msc,11,4,0.293,0.375,1,0,10,0.7
Hamburg,Kolkata,maersk,12,6,0.871,0.422,1,0,25,7.4
Shanghai,Kolkata,cma_cgm,1,4,0.66,0.471,1,0,16,7.5
Hamburg,Kolkata,cma_cgm,8,0,0.547,0.436,0,1,25,0.0
Shanghai,Kolkata,cma_cgm,9,3,0.771,0.039,0,1,16,5.8
Colombo,Mumbai,dhl,9,1,0.473,0.877,0,1,5,3.3
Rotterdam,Mumbai,dhl,8,5,0.031,0.947,0,1,22,0.0
Hamburg,Kolkata,cma_cgm,4,1,0.404,0.456,0,0,25,0.0
Guangzhou,Kolkata,dhl,7,6,0.236,0.661,0,1,14,0.0
Dubai,Mumbai,dhl,8,4,0.346,0.836,0,1,7,1.4
Shanghai,Kolkata,msc,4,4,0.25,0.806,0,0,16,0.8
Shanghai,Kolkata,maersk,5,0,0.903,0.073,0,0,16,2.4
Colombo,Mumbai,msc,1,5,0.74,0.31,1,0,5,6.8
Shanghai,Kolkata,ups,11,3,0.984,0.383,1,0,16,8.8
Singapore,Chennai,maersk,9,1,0.259,0.636,0,1,10,6.5
Hamburg,Kolkata,fedex,12,4,0.863,0.266,1,0,25,4.8
Rotterdam,Mumbai,dhl,11,0,0.151,0.933,1,0,22,11.2
Shanghai,Mumbai,cma_cgm,1,0,0.487,0.878,1,0,18,3.3
Rotterdam,Mumbai,dhl,3,2,0.484,0.49,0,0,22,3.5
Hamburg,Kolkata,cma_cgm,1,1,0.911,0.943,1,0,25,6.5
Guangzhou,Kolkata,msc,8,6,0.601,0.034,0,1,14,1.1
Dubai,Mumbai,dhl,8,3,0.019,0.973,0,1,7,3.0
Rotterdam,Mumbai,fedex,1,3,0.574,0.637,1,0,22,13.5
Shanghai,Kolkata,msc,12,1,0.648,0.018,1,0,16,6.6
Colombo,Mumbai,maersk,11,5,0.31,0.086,1,0,5,3.2
Singapore,Chennai,fedex,5,5,0.838,0.654,0,0,10,5.1
Shanghai,Kolkata,dhl,6,3,0.201,0.959,0,1,16,0.0
Shanghai,Kolkata,fedex,9,1,0.528,0.969,0,1,16,7.3
Singapore,Chennai,cma_cgm,5,6,0.105,0.688,0,0,10,3.3
Singapore,Chennai,msc,9,6,0.693,0.572,0,1,10,5.2
Shanghai,Kolkata,ups,8,3,0.784,0.584,0,1,16,5.9
Hamburg,Kolkata,dhl,9,5,0.172,0.752,0,1,25,2.2
Guangzhou,Kolkata,fedex,8,5,0.527,0.764,0,1,14,7.4
Dubai,Mumbai,dhl,5,6,0.265,0.934,0,0,7,3.9
Dubai,Mumbai,cma_cgm,5,0,0.306,0.656,0,0,7,1.5
Guangzhou,Kolkata,cma_cgm,3,2,0.318,0.731,0,0,14,0.5
Shanghai,Mumbai,ups,4,1,0.07,0.865,0,0,18,0.0
Colombo,Mumbai,maersk,5,2,0.458,0.262,0,0,5,2.8
Colombo,Mumbai,ups,11,3,0.346,0.808,1,0,5,4.0
Rotterdam,Mumbai,msc,8,1,0.211,0.501,0,1,22,2.8
Shanghai,Mumbai,msc,12,4,0.78,0.771,1,0,18,0.5
Shanghai,Mumbai,cma_cgm,10,2,0.113,0.757,0,0,18,7.9
Shanghai,Mumbai,ups,7,2,0.542,0.131,0,1,18,3.1
Guangzhou,Kolkata,fedex,6,5,0.915,0.293,0,1,14,7.0
Rotterdam,Mumbai,maersk,4,1,0.944,0.903,0,0,22,8.0
Dubai,Mumbai,maersk,5,0,0.101,0.011,0,0,7,1.9
Shanghai,Kolkata,dhl,11,3,0.302,0.895,1,0,16,4.0
Rotterdam,Mumbai,msc,10,0,0.888,0.368,0,0,22,5.0
Shanghai,Mumbai,maersk,6,6,0.165,0.754,0,1,18,4.4
Colombo,Mumbai,maersk,5,5,0.056,0.48,0,0,5,1.4
Shanghai,Kolkata,fedex,1,3,0.853,0.914,1,0,16,8.3
Guangzhou,Kolkata,maersk,1,3,0.982,0.983,1,0,14,7.6
Rotterdam,Mumbai,ups,9,2,0.326,0.817,0,1,22,0.0
Shanghai,Kolkata,cma_cgm,5,6,0.049,0.448,0,0,16,0.0
Colombo,Mumbai,fedex,5,1,0.964,0.642,0,0,5,4.8
Guangzhou,Kolkata,dhl,5,3,0.764,0.993,0,0,14,3.4
Shanghai,Mumbai,cma_cgm,9,1,0.105,0.881,0,1,18,9.5
Shanghai,Mumbai,dhl,8,0,0.948,0.842,0,1,18,6.9
Rotterdam,Mumbai,cma_cgm,9,0,0.493,0.161,0,1,22,0.0
Guangzhou,Kolkata,dhl,8,0,0.43,0.275,0,1,14,2.6
Shanghai,Mumbai,dhl,12,3,0.914,0.833,1,0,18,10.7
Guangzhou,Kolkata,ups,10,6,0.771,0.264,0,0,14,1.4
Singapore,Chennai,cma_cgm,8,4,0.973,0.607,0,1,10,6.5
Shanghai,Mumbai,cma_cgm,12,0,0.608,0.403,1,0,18,2.8
Shanghai,Kolkata,cma_cgm,3,2,0.743,0.662,0,0,16,3.9
Shanghai,Kolkata,dhl,11,4,0.056,0.081,1,0,16,1.2
Rotterdam,Mumbai,fedex,7,3,0.269,0.654,0,1,22,7.0
Singapore,Chennai,cma_cgm,6,6,0.489,0.513,0,1,10,5.2
Hamburg,Kolkata,maersk,9,5,0.471,0.707,0,1,25,4.3
Shanghai,Mumbai,maersk,4,4,0.168,0.76,0,0,18,4.5
Guangzhou,Kolkata,dhl,10,5,0.706,0.234,0,0,14,5.4
Dubai,Mumbai,ups,2,0,0.732,0.154,0,0,7,0.5
Shanghai,Mumbai,ups,11,4,0.106,0.694,1,0,18,0.0
Hamburg,Kolkata,fedex,9,0,0.079,0.527,0,1,25,3.6
Singapore,Chennai,ups,3,6,0.089,0.431,0,0,10,4.7
Dubai,Mumbai,dhl,11,0,0.349,0.722,1,0,7,5.5
Shanghai,Kolkata,ups,12,4,0.062,0.162,1,0,16,3.3
Shanghai,Mumbai,dhl,2,0,0.691,0.572,0,0,18,6.1
Hamburg,Kolkata,cma_cgm,5,2,0.217,0.67,0,0,25,0.0
Shanghai,Kolkata,ups,12,0,0.825,0.485,1,0,16,11.7
Guangzhou,Kolkata,maersk,4,2,0.182,0.086,0,0,14,0.0
Rotterdam,Mumbai,msc,10,3,0.416,0.469,0,0,22,6.5
Singapore,Chennai,dhl,12,2,0.055,0.888,1,0,10,1.5
Colombo,Mumbai,ups,10,6,0.818,0.843,0,0,5,5.5
Dubai,Mumbai,ups,3,4,0.005,0.035,0,0,7,0.1
Shanghai,Mumbai,cma_cgm,2,2,0.956,0.772,0,0,18,6.6
Shanghai,Kolkata,ups,9,6,0.168,0.834,0,1,16,4.0
Guangzhou,Kolkata,maersk,6,2,0.871,0.999,0,1,14,7.2
Singapore,Chennai,maersk,1,3,0.225,0.257,1,0,10,0.0
Shanghai,Mumbai,maersk,12,0,0.384,0.837,1,0,18,4.3
Shanghai,Kolkata,maersk,6,6,0.334,0.818,0,1,16,0.0
Rotterdam,Mumbai,msc,10,1,0.544,0.008,0,0,22,4.6
Dubai,Mumbai,fedex,4,1,0.725,0.081,0,0,7,0.8
Guangzhou,Kolkata,dhl,8,4,0.958,0.884,0,1,14,9.1
Shanghai,Kolkata,cma_cgm,7,5,0.272,0.213,0,1,16,3.9
Shanghai,Mumbai,msc,8,6,0.543,0.833,0,1,18,16.2
Shanghai,Mumbai,dhl,5,5,0.557,0.946,0,0,18,0.0
Guangzhou,Kolkata,dhl,1,3,0.224,0.494,1,0,14,0.8
Colombo,Mumbai,fedex,7,1,0.821,0.285,0,1,5,5.8
Dubai,Mumbai,msc,3,1,0.506,0.56,0,0,7,2.6
Colombo,Mumbai,fedex,3,1,0.585,0.548,0,0,5,1.8
Shanghai,Kolkata,ups,3,0,0.225,0.5,0,0,16,4.0
Colombo,Mumbai,ups,7,3,0.827,0.831,0,1,5,7.0
Dubai,Mumbai,cma_cgm,4,1,0.748,0.961,0,0,7,4.8
Shanghai,Mumbai,msc,9,5,0.942,0.604,0,1,18,8.0
Colombo,Mumbai,msc,8,0,0.631,0.45,0,1,5,4.8
Shanghai,Mumbai,maersk,4,5,0.574,0.822,0,0,18,4.8
Shanghai,Kolkata,dhl,7,4,0.894,0.92,0,1,16,5.6
Colombo,Mumbai,dhl,6,3,0.038,0.367,0,1,5,0.7
Guangzhou,Kolkata,cma_cgm,4,2,0.933,0.488,0,0,14,5.7
Dubai,Mumbai,msc,1,2,0.394,0.001,1,0,7,4.6
Shanghai,Mumbai,ups,8,1,0.825,0.608,0,1,18,1.7
Singapore,Chennai,cma_cgm,9,6,0.048,0.85,0,1,10,3.0
Guangzhou,Kolkata,dhl,10,4,0.305,0.176,0,0,14,4.6
Guangzhou,Kolkata,ups,1,6,0.32,0.67,1,0,14,5.8
Hamburg,Kolkata,dhl,7,5,0.313,0.179,0,1,25,0.0
Shanghai,Mumbai,cma_cgm,6,2,0.039,0.639,0,1,18,1.0
Dubai,Mumbai,maersk,1,0,0.681,0.373,1,0,7,6.5
Shanghai,Mumbai,dhl,2,1,0.113,0.577,0,0,18,1.2
Hamburg,Kolkata,maersk,5,5,0.883,0.922,0,0,25,2.4
Guangzhou,Kolkata,ups,7,2,0.024,0.45,0,1,14,0.2
Colombo,Mumbai,ups,6,0,0.515,0.2,0,1,5,1.9
Shanghai,Mumbai,msc,2,1,0.147,0.073,0,0,18,3.9
Shanghai,Mumbai,msc,4,4,0.669,0.477,0,0,18,7.3
Dubai,Mumbai,cma_cgm,7,6,0.621,0.778,0,1,7,1.7
Shanghai,Mumbai,maersk,5,1,0.836,0.415,0,0,18,4.7
Rotterdam,Mumbai,ups,8,2,0.986,0.513,0,1,22,6.5
Rotterdam,Mumbai,ups,1,6,0.93,0.172,1,0,22,9.6
Singapore,Chennai,maersk,8,2,0.094,0.768,0,1,10,2.2
Hamburg,Kolkata,dhl,10,3,0.881,0.257,0,0,25,10.1
Singapore,Chennai,maersk,1,0,0.462,0.845,1,0,10,5.5
Rotterdam,Mumbai,dhl,5,4,0.034,0.56,0,0,22,3.2
Colombo,Mumbai,msc,7,3,0.34,0.007,0,1,5,3.3
Shanghai,Mumbai,ups,7,3,0.279,0.582,0,1,18,3.5
Shanghai,Kolkata,ups,7,2,0.695,0.142,0,1,16,2.9
Singapore,Chennai,maersk,1,5,0.567,0.928,1,0,10,6.9
Hamburg,Kolkata,maersk,1,6,0.463,0.806,1,0,25,0.0
Shanghai,Kolkata,cma_cgm,5,4,0.516,0.727,0,0,16,0.7
Colombo,Mumbai,cma_cgm,8,3,0.164,0.736,0,1,5,3.9
Shanghai,Mumbai,fedex,9,3,0.742,0.303,0,1,18,0.0
Shanghai,Mumbai,msc,9,3,0.688,0.128,0,1,18,0.0
Rotterdam,Mumbai,cma_cgm,6,0,0.882,0.892,0,1,22,5.1
Singapore,Chennai,ups,7,2,0.713,0.659,0,1,10,2.6
Shanghai,Kolkata,maersk,9,4,0.719,0.504,0,1,16,8.4
Rotterdam,Mumbai,cma_cgm,1,4,0.324,0.334,1,0,22,4.7
Rotterdam,Mumbai,fedex,2,5,0.031,0.879,0,0,22,1.7
Singapore,Chennai,cma_cgm,7,2,0.852,0.5,0,1,10,4.6
Rotterdam,Mumbai,msc,1,3,0.604,0.934,1,0,22,15.1
Shanghai,Mumbai,maersk,12,5,0.856,0.681,1,0,18,4.9
Shanghai,Kolkata,ups,9,1,0.315,0.115,0,1,16,0.4
Rotterdam,Mumbai,msc,12,5,0.506,0.844,1,0,22,4.1
Dubai,Mumbai,msc,2,0,0.46,0.363,0,0,7,0.4
Dubai,Mumbai,msc,2,0,0.653,0.07,0,0,7,4.5
Guangzhou,Kolkata,fedex,6,4,0.855,0.93,0,1,14,6.9
Dubai,Mumbai,ups,12,0,0.392,0.405,1,0,7,4.6
Hamburg,Kolkata,cma_cgm,5,6,0.662,0.207,0,0,25,2.3
Hamburg,Kolkata,cma_cgm,1,5,0.869,0.568,1,0,25,2.9
Guangzhou,Kolkata,ups,3,5,0.494,0.118,0,0,14,1.7
Singapore,Chennai,dhl,10,0,0.25,0.837,0,0,10,0.0
Guangzhou,Kolkata,ups,8,0,0.882,0.409,0,1,14,5.8
Shanghai,Kolkata,fedex,8,3,0.402,0.375,0,1,16,2.7
Singapore,Chennai,dhl,7,1,0.839,0.032,0,1,10,1.9
Shanghai,Mumbai,maersk,1,1,0.871,0.015,1,0,18,0.1
Shanghai,Mumbai,msc,6,5,0.747,0.094,0,1,18,4.1
Colombo,Mumbai,msc,3,6,0.494,0.732,0,0,5,4.8
Rotterdam,Mumbai,cma_cgm,1,0,0.275,0.075,1,0,22,3.1
Rotterdam,Mumbai,cma_cgm,3,3,0.897,0.983,0,0,22,0.0
Dubai,Mumbai,fedex,1,2,0.782,0.759,1,0,7,2.8
Shanghai,Kolkata,msc,1,2,0.31,0.292,1,0,16,6.4
Dubai,Mumbai,maersk,1,6,0.002,0.245,1,0,7,5.1
Rotterdam,Mumbai,fedex,7,4,0.114,0.411,0,1,22,9.1
Colombo,Mumbai,cma_cgm,4,6,0.94,0.261,0,0,5,5.8
Shanghai,Mumbai,fedex,11,4,0.773,0.169,1,0,18,7.3
Rotterdam,Mumbai,msc,8,6,0.263,0.122,0,1,22,6.8
Shanghai,Kolkata,ups,6,6,0.475,0.364,0,1,16,6.2
Shanghai,Mumbai,dhl,1,3,0.969,0.992,1,0,18,8.4
Guangzhou,Kolkata,maersk,2,3,0.171,0.079,0,0,14,4.4
Hamburg,Kolkata,fedex,12,6,0.15,0.039,1,0,25,6.5
Shanghai,Kolkata,msc,8,3,0.982,0.898,0,1,16,10.7
Dubai,Mumbai,fedex,5,2,0.084,0.259,0,0,7,3.8
Dubai,Mumbai,maersk,10,2,0.915,0.352,0,0,7,4.3
Rotterdam,Mumbai,cma_cgm,5,4,0.754,0.447,0,0,22,4.2
Colombo,Mumbai,msc,10,4,0.784,0.453,0,0,5,5.3
Shanghai,Mumbai,cma_cgm,6,4,0.274,0.315,0,1,18,5.6
Shanghai,Mumbai,fedex,2,2,0.21,0.455,0,0,18,5.3
Rotterdam,Mumbai,dhl,10,0,0.405,0.062,0,0,22,6.9
Singapore,Chennai,ups,2,6,0.04,0.839,0,0,10,5.8
Dubai,Mumbai,msc,6,6,0.3,0.803,0,1,7,3.5
Hamburg,Kolkata,fedex,12,4,0.206,0.25,1,0,25,8.7
Shanghai,Mumbai,msc,3,5,0.214,0.011,0,0,18,0.0
Rotterdam,Mumbai,cma_cgm,11,3,0.642,0.246,1,0,22,6.5
Hamburg,Kolkata,maersk,2,6,0.812,0.533,0,0,25,3.4
Shanghai,Kolkata,dhl,1,1,0.041,0.705,1,0,16,0.3
Shanghai,Kolkata,maersk,1,3,0.139,0.127,1,0,16,3.0
Shanghai,Mumbai,dhl,12,6,0.801,0.398,1,0,18,0.8
Shanghai,Mumbai,cma_cgm,12,6,0.632,0.257,1,0,18,2.8
Hamburg,Kolkata,maersk,5,4,0.153,0.01,0,0,25,5.2
Singapore,Chennai,fedex,7,1,0.13,0.715,0,1,10,2.0
Guangzhou,Kolkata,ups,7,0,0.25,0.61,0,1,14,0.0
Rotterdam,Mumbai,dhl,7,2,0.142,0.214,0,1,22,7.9
Singapore,Chennai,dhl,4,2,0.951,0.73,0,0,10,4.4
Hamburg,Kolkata,ups,6,1,0.532,0.905,0,1,25,11.8
Singapore,Chennai,fedex,12,5,0.113,0.248,1,0,10,3.8
Shanghai,Mumbai,maersk,4,3,0.604,0.199,0,0,18,6.1
Guangzhou,Kolkata,msc,2,1,0.77,0.5,0,0,14,2.0
Dubai,Mumbai,fedex,7,0,0.242,0.172,0,1,7,6.0
Shanghai,Mumbai,fedex,7,4,0.679,0.985,0,1,18,5.7
Hamburg,Kolkata,ups,11,1,0.839,0.032,1,0,25,4.5
Guangzhou,Kolkata,dhl,12,1,0.561,0.475,1,0,14,3.5
Dubai,Mumbai,msc,9,4,0.539,0.288,0,1,7,5.7
Guangzhou,Kolkata,ups,10,4,0.645,0.374,0,0,14,4.6
Shanghai,Kolkata,dhl,11,2,0.672,0.197,1,0,16,3.9
Dubai,Mumbai,maersk,4,2,0.712,0.385,0,0,7,6.8
Rotterdam,Mumbai,maersk,2,0,0.421,0.481,0,0,22,0.8
Shanghai,Kolkata,cma_cgm,7,5,0.052,0.686,0,1,16,0.0
Singapore,Chennai,msc,2,1,0.486,0.298,0,0,10,2.8
Singapore,Chennai,dhl,6,0,0.236,0.731,0,1,10,1.9
Shanghai,Kolkata,dhl,10,3,0.365,0.873,0,0,16,1.3
Shanghai,Mumbai,fedex,5,1,0.207,0.378,0,0,18,5.8
Rotterdam,Mumbai,maersk,6,2,0.407,0.937,0,1,22,0.0
Rotterdam,Mumbai,fedex,5,1,0.255,0.127,0,0,22,0.2
Guangzhou,Kolkata,msc,7,4,0.898,0.732,0,1,14,6.3
Colombo,Mumbai,msc,10,2,0.313,0.295,0,0,5,3.3
Hamburg,Kolkata,fedex,7,4,0.898,0.35,0,1,25,7.8
Dubai,Mumbai,dhl,10,2,0.126,0.589,0,0,7,0.0
Rotterdam,Mumbai,dhl,5,2,0.909,0.102,0,0,22,3.9
Hamburg,Kolkata,fedex,3,0,0.328,0.66,0,0,25,0.3
Shanghai,Kolkata,ups,3,4,0.668,0.041,0,0,16,7.7
Dubai,Mumbai,msc,7,3,0.803,0.716,0,1,7,5.6
Colombo,Mumbai,fedex,8,0,0.981,0.614,0,1,5,5.6
Colombo,Mumbai,ups,8,5,0.183,0.758,0,1,5,4.9
Shanghai,Kolkata,msc,6,1,0.108,0.07,0,1,16,0.0
Guangzhou,Kolkata,ups,9,3,0.742,0.51,0,1,14,0.0
Shanghai,Mumbai,fedex,8,0,0.025,0.723,0,1,18,0.0
Hamburg,Kolkata,fedex,3,2,0.128,0.903,0,0,25,6.2
Rotterdam,Mumbai,fedex,4,1,0.785,0.093,0,0,22,4.5
Rotterdam,Mumbai,ups,12,3,0.83,0.956,1,0,22,2.2
Rotterdam,Mumbai,fedex,9,5,0.709,0.215,0,1,22,7.8
Singapore,Chennai,dhl,12,5,0.179,0.338,1,0,10,3.5
Guangzhou,Kolkata,maersk,2,1,0.029,0.605,0,0,14,0.0
Guangzhou,Kolkata,msc,7,2,0.867,0.747,0,1,14,7.2
Shanghai,Kolkata,dhl,8,0,0.441,0.065,0,1,16,6.4
Dubai,Mumbai,ups,8,3,0.559,0.904,0,1,7,3.3
Guangzhou,Kolkata,fedex,4,2,0.335,0.608,0,0,14,1.7
Guangzhou,Kolkata,maersk,12,4,0.18,0.468,1,0,14,10.6
Hamburg,Kolkata,maersk,4,0,0.49,0.763,0,0,25,1.2
Colombo,Mumbai,cma_cgm,3,2,0.892,0.47,0,0,5,4.7
Colombo,Mumbai,cma_cgm,5,4,0.704,0.651,0,0,5,5.7
Shanghai,Mumbai,msc,1,5,0.449,0.063,1,0,18,12.5
Shanghai,Mumbai,fedex,3,1,0.388,0.171,0,0,18,0.6
Dubai,Mumbai,maersk,7,2,0.515,0.171,0,1,7,6.2
Hamburg,Kolkata,msc,6,3,0.703,0.291,0,1,25,8.2
Singapore,Chennai,maersk,7,4,0.09,0.959,0,1,10,6.1
Dubai,Mumbai,msc,6,2,0.275,0.807,0,1,7,6.4
Rotterdam,Mumbai,ups,6,1,0.85,0.846,0,1,22,11.6
Hamburg,Kolkata,ups,5,1,0.51,0.38,0,0,25,0.0
Shanghai,Mumbai,msc,3,3,0.35,0.452,0,0,18,4.6
Colombo,Mumbai,dhl,3,4,0.473,0.63,0,0,5,4.1
Guangzhou,Kolkata,cma_cgm,11,1,0.309,0.117,1,0,14,3.2
Dubai,Mumbai,ups,8,0,0.862,0.961,0,1,7,6.0
Hamburg,Kolkata,ups,3,3,0.022,0.641,0,0,25,0.0
Rotterdam,Mumbai,ups,9,3,0.416,0.18,0,1,22,0.4
Hamburg,Kolkata,dhl,8,5,0.242,0.278,0,1,25,4.2
Dubai,Mumbai,ups,9,6,0.643,0.382,0,1,7,6.2
Shanghai,Mumbai,ups,7,4,0.901,0.27,0,1,18,3.8
Dubai,Mumbai,maersk,6,6,0.22,0.282,0,1,7,0.3
Singapore,Chennai,msc,8,2,0.705,0.085,0,1,10,7.9
Shanghai,Kolkata,ups,6,4,0.248,0.928,0,1,16,8.0
Shanghai,Kolkata,msc,11,3,0.137,0.764,1,0,16,3.7
Guangzhou,Kolkata,msc,8,4,0.139,0.022,0,1,14,5.0
Dubai,Mumbai,msc,3,6,0.609,0.927,0,0,7,7.6
Hamburg,Kolkata,ups,1,4,0.36,0.968,1,0,25,11.7
Shanghai,Mumbai,ups,3,1,0.452,0.857,0,0,18,1.3
Dubai,Mumbai,msc,5,4,0.452,0.424,0,0,7,0.0
Rotterdam,Mumbai,ups,6,6,0.537,0.023,0,1,22,10.8
Shanghai,Kolkata,ups,8,0,0.91,0.018,0,1,16,4.1
Shanghai,Mumbai,maersk,9,4,0.541,0.324,0,1,18,9.0
Colombo,Mumbai,msc,5,5,0.804,0.659,0,0,5,5.3
Shanghai,Kolkata,msc,6,3,0.803,0.846,0,1,16,6.9
Shanghai,Mumbai,ups,10,3,0.563,0.357,0,0,18,4.3
Singapore,Chennai,maersk,7,4,0.664,0.419,0,1,10,4.2
Rotterdam,Mumbai,fedex,4,4,0.315,0.202,0,0,22,6.1
Singapore,Chennai,dhl,6,5,0.287,0.269,0,1,10,0.8
Rotterdam,Mumbai,dhl,4,3,0.27,0.768,0,0,22,4.7
Shanghai,Mumbai,msc,1,0,0.47,0.874,1,0,18,6.7
Shanghai,Kolkata,maersk,3,3,0.01,0.403,0,0,16,6.1
Shanghai,Kolkata,ups,11,4,0.543,0.53,1,0,16,5.9
Dubai,Mumbai,fedex,5,6,0.753,0.823,0,0,7,0.1
Colombo,Mumbai,msc,9,5,0.687,0.25,0,1,5,6.4
Shanghai,Kolkata,ups,5,0,0.572,0.903,0,0,16,4.9
Hamburg,Kolkata,cma_cgm,12,1,0.098,0.015,1,0,25,3.1
Dubai,Mumbai,fedex,4,3,0.604,0.277,0,0,7,0.0
Singapore,Chennai,fedex,7,2,0.467,0.24,0,1,10,3.8
Rotterdam,Mumbai,cma_cgm,3,2,0.556,0.947,0,0,22,9.5
Dubai,Mumbai,maersk,10,2,0.379,0.418,0,0,7,7.1
Shanghai,Mumbai,fedex,8,4,0.927,0.589,0,1,18,13.4
Guangzhou,Kolkata,msc,5,2,0.768,0.961,0,0,14,2.8
Shanghai,Mumbai,ups,4,3,0.204,0.156,0,0,18,0.9
Rotterdam,Mumbai,fedex,3,2,0.412,0.036,0,0,22,16.3
Guangzhou,Kolkata,maersk,6,4,0.177,0.252,0,1,14,2.9
Hamburg,Kolkata,maersk,12,1,0.136,0.498,1,0,25,0.0
Singapore,Chennai,dhl,12,2,0.144,0.009,1,0,10,1.2
Rotterdam,Mumbai,maersk,11,6,0.395,0.687,1,0,22,14.5
Shanghai,Kolkata,ups,7,1,0.524,0.024,0,1,16,0.4
Shanghai,Mumbai,msc,2,2,0.293,0.006,0,0,18,0.0
Colombo,Mumbai,msc,12,2,0.459,0.35,1,0,5,5.2
Hamburg,Kolkata,cma_cgm,9,0,0.263,0.504,0,1,25,4.3
Hamburg,Kolkata,maersk,8,4,0.806,0.289,0,1,25,16.0
Guangzhou,Kolkata,ups,3,1,0.847,0.064,0,0,14,6.8
Singapore,Chennai,dhl,12,3,0.724,0.404,1,0,10,7.3
Singapore,Chennai,fedex,12,2,0.176,0.743,1,0,10,3.3
Colombo,Mumbai,dhl,7,5,0.391,0.08,0,1,5,1.1
Colombo,Mumbai,ups,5,6,0.599,0.419,0,0,5,2.4
Dubai,Mumbai,msc,9,3,0.761,0.481,0,1,7,6.1
Shanghai,Mumbai,maersk,2,3,0.196,0.251,0,0,18,0.1
Colombo,Mumbai,dhl,6,6,0.02,0.671,0,1,5,3.0
Singapore,Chennai,dhl,4,1,0.59,0.07,0,0,10,3.8
Shanghai,Kolkata,maersk,6,5,0.411,0.948,0,1,16,5.8
Rotterdam,Mumbai,fedex,5,0,0.279,0.772,0,0,22,7.8
Singapore,Chennai,fedex,5,4,0.436,0.452,0,0,10,1.3
Shanghai,Kolkata,ups,10,2,0.185,0.114,0,0,16,1.5
Colombo,Mumbai,cma_cgm,10,3,0.323,0.023,0,0,5,1.9
Singapore,Chennai,fedex,1,1,0.477,0.764,1,0,10,4.9
Guangzhou,Kolkata,cma_cgm,8,3,0.415,0.768,0,1,14,0.2
Colombo,Mumbai,fedex,12,4,0.605,0.087,1,0,5,4.4
Shanghai,Mumbai,msc,4,4,0.759,0.314,0,0,18,2.9
Colombo,Mumbai,maersk,7,4,0.627,0.301,0,1,5,4.9
Colombo,Mumbai,ups,6,0,0.583,0.062,0,1,5,2.7
Colombo,Mumbai,maersk,6,5,0.78,0.667,0,1,5,5.3
Colombo,Mumbai,cma_cgm,5,0,0.352,0.299,0,0,5,1.6
Singapore,Chennai,cma_cgm,9,1,0.019,0.732,0,1,10,4.0
Shanghai,Mumbai,ups,10,4,0.526,0.497,0,0,18,5.0
Shanghai,Mumbai,dhl,8,3,0.441,0.995,0,1,18,12.1
Hamburg,Kolkata,dhl,7,2,0.817,0.861,0,1,25,0.0
Hamburg,Kolkata,msc,11,5,0.833,0.201,1,0,25,17.7
Guangzhou,Kolkata,maersk,12,6,0.098,0.917,1,0,14,3.3
Guangzhou,Kolkata,maersk,11,2,0.793,0.915,1,0,14,8.7
Rotterdam,Mumbai,fedex,9,0,0.914,0.546,0,1,22,3.8
Singapore,Chennai,fedex,8,5,0.061,0.429,0,1,10,0.0
Hamburg,Kolkata,fedex,11,6,0.849,0.298,1,0,25,3.3
Singapore,Chennai,dhl,9,5,0.942,0.527,0,1,10,4.0
Hamburg,Kolkata,maersk,4,3,0.364,0.531,0,0,25,0.2
Hamburg,Kolkata,cma_cgm,8,3,0.554,0.986,0,1,25,11.5
Hamburg,Kolkata,cma_cgm,10,5,0.483,0.514,0,0,25,8.0
Colombo,Mumbai,msc,1,4,0.571,0.527,1,0,5,6.2
Colombo,Mumbai,dhl,6,2,0.594,0.594,0,1,5,4.1
Hamburg,Kolkata,dhl,7,5,0.98,0.394,0,1,25,2.0
Shanghai,Kolkata,cma_cgm,2,5,0.797,0.063,0,0,16,2.4
Colombo,Mumbai,dhl,2,3,0.462,0.39,0,0,5,2.9
Hamburg,Kolkata,ups,12,1,0.577,0.275,1,0,25,2.2
Rotterdam,Mumbai,fedex,7,5,0.339,0.323,0,1,22,8.0
Guangzhou,Kolkata,fedex,7,5,0.265,0.52,0,1,14,4.5
Shanghai,Mumbai,maersk,10,4,0.557,0.662,0,0,18,10.2
Hamburg,Kolkata,cma_cgm,11,6,0.116,0.596,1,0,25,7.8
Shanghai,Mumbai,cma_cgm,4,0,0.554,0.329,0,0,18,7.0
Singapore,Chennai,ups,11,0,0.649,0.637,1,0,10,8.4
Dubai,Mumbai,msc,12,6,0.376,0.943,1,0,7,6.9
Shanghai,Mumbai,ups,3,4,0.559,0.625,0,0,18,8.3
Shanghai,Kolkata,msc,5,4,0.791,0.374,0,0,16,2.9
Guangzhou,Kolkata,msc,1,0,0.852,0.559,1,0,14,7.6
Colombo,Mumbai,dhl,9,3,0.162,0.118,0,1,5,3.9
Shanghai,Mumbai,ups,11,5,0.104,0.813,1,0,18,1.7
Hamburg,Kolkata,maersk,7,1,0.273,0.872,0,1,25,0.0
Guangzhou,Kolkata,maersk,9,1,0.564,0.115,0,1,14,4.0
Shanghai,Kolkata,ups,7,1,0.282,0.244,0,1,16,1.8
Guangzhou,Kolkata,ups,2,5,0.846,0.736,0,0,14,4.8
Guangzhou,Kolkata,dhl,8,4,0.976,0.257,0,1,14,4.0
Guangzhou,Kolkata,ups,12,3,0.992,0.928,1,0,14,7.5
Colombo,Mumbai,maersk,2,5,0.315,0.576,0,0,5,2.2
Shanghai,Kolkata,maersk,7,6,0.853,0.775,0,1,16,4.9
Singapore,Chennai,cma_cgm,2,5,0.505,0.03,0,0,10,1.7
Hamburg,Kolkata,maersk,8,6,0.718,0.523,0,1,25,15.1
Shanghai,Kolkata,dhl,9,4,0.338,0.47,0,1,16,6.8
Guangzhou,Kolkata,ups,5,0,0.399,0.98,0,0,14,1.0
Colombo,Mumbai,maersk,5,3,0.071,0.488,0,0,5,1.9
Shanghai,Mumbai,msc,12,0,0.086,0.937,1,0,18,12.6
Singapore,Chennai,fedex,8,5,0.792,0.324,0,1,10,3.6
Guangzhou,Kolkata,dhl,1,5,0.223,0.717,1,0,14,5.1
Shanghai,Kolkata,fedex,12,6,0.239,0.042,1,0,16,5.8
Singapore,Chennai,maersk,11,6,0.862,0.889,1,0,10,11.8
Hamburg,Kolkata,cma_cgm,1,6,0.895,0.393,1,0,25,6.4
Dubai,Mumbai,fedex,8,6,0.951,0.245,0,1,7,6.5
Rotterdam,Mumbai,msc,7,5,0.269,0.777,0,1,22,14.8
Guangzhou,Kolkata,ups,11,1,0.939,0.534,1,0,14,8.5
Guangzhou,Kolkata,ups,10,1,0.17,0.633,0,0,14,2.6
Rotterdam,Mumbai,ups,2,1,0.785,0.185,0,0,22,0.0
Guangzhou,Kolkata,fedex,4,0,0.641,0.31,0,0,14,0.0
Shanghai,Mumbai,dhl,12,4,0.557,0.108,1,0,18,6.4
Hamburg,Kolkata,maersk,8,0,0.96,0.82,0,1,25,5.9
Shanghai,Mumbai,ups,5,3,0.271,0.855,0,0,18,3.7
Singapore,Chennai,cma_cgm,11,0,0.274,0.2,1,0,10,5.5
Colombo,Mumbai,ups,3,0,0.191,0.167,0,0,5,0.3
Guangzhou,Kolkata,dhl,8,1,0.459,0.992,0,1,14,2.6
Shanghai,Mumbai,dhl,4,3,0.555,0.843,0,0,18,0.0
Shanghai,Mumbai,cma_cgm,6,2,0.828,0.538,0,1,18,6.6
Guangzhou,Kolkata,msc,8,5,0.933,0.076,0,1,14,2.6
Guangzhou,Kolkata,maersk,6,2,0.375,0.242,0,1,14,8.2
Colombo,Mumbai,maersk,3,2,0.329,0.537,0,0,5,3.2
Dubai,Mumbai,cma_cgm,8,5,0.127,0.093,0,1,7,4.5
Colombo,Mumbai,msc,6,2,0.927,0.403,0,1,5,9.2
Hamburg,Kolkata,msc,11,0,0.12,0.099,1,0,25,0.0
Dubai,Mumbai,fedex,8,2,0.154,0.625,0,1,7,4.5
Colombo,Mumbai,msc,11,4,0.414,0.015,1,0,5,4.5
Singapore,Chennai,ups,2,6,0.489,0.45,0,0,10,5.1
Rotterdam,Mumbai,cma_cgm,9,2,0.042,0.634,0,1,22,0.0
Shanghai,Kolkata,cma_cgm,3,1,0.242,0.169,0,0,16,0.0
Shanghai,Mumbai,cma_cgm,4,6,0.772,0.435,0,0,18,0.6
Shanghai,Mumbai,maersk,11,4,0.957,0.318,1,0,18,4.9
Guangzhou,Kolkata,fedex,8,4,0.758,0.225,0,1,14,4.8
Shanghai,Mumbai,msc,6,4,0.513,0.825,0,1,18,6.5
Hamburg,Kolkata,dhl,10,0,0.732,0.611,0,0,25,1.5
Singapore,Chennai,fedex,2,0,0.565,0.949,0,0,10,6.3
Shanghai,Mumbai,ups,6,5,0.541,0.088,0,1,18,0.4
Colombo,Mumbai,ups,10,1,0.732,0.165,0,0,5,1.8
Dubai,Mumbai,msc,5,5,0.713,0.555,0,0,7,5.2
Dubai,Mumbai,dhl,8,2,0.356,0.25,0,1,7,4.6
Dubai,Mumbai,cma_cgm,2,4,0.429,0.182,0,0,7,1.4
Colombo,Mumbai,dhl,11,2,0.716,0.386,1,0,5,4.0
Rotterdam,Mumbai,ups,12,4,0.59,0.695,1,0,22,12.1
Dubai,Mumbai,dhl,9,2,0.058,0.998,0,1,7,1.1
Singapore,Chennai,dhl,9,4,0.396,0.407,0,1,10,0.4
Shanghai,Kolkata,dhl,10,3,0.705,0.513,0,0,16,4.4
Dubai,Mumbai,msc,6,1,0.687,0.52,0,1,7,5.5
Colombo,Mumbai,msc,12,2,0.803,0.809,1,0,5,8.8
Rotterdam,Mumbai,fedex,12,6,0.192,0.05,1,0,22,6.6
Hamburg,Kolkata,maersk,2,4,0.298,0.012,0,0,25,0.0
Dubai,Mumbai,dhl,7,6,0.376,0.535,0,1,7,3.0
Shanghai,Kolkata,ups,5,5,0.999,0.235,0,0,16,0.0
Dubai,Mumbai,cma_cgm,7,0,0.764,0.54,0,1,7,6.4
Dubai,Mumbai,fedex,3,2,0.842,0.011,0,0,7,0.9
Shanghai,Kolkata,fedex,1,5,0.096,0.297,1,0,16,3.1
Singapore,Chennai,dhl,6,0,0.053,0.059,0,1,10,0.1
Shanghai,Kolkata,ups,3,1,0.264,0.528,0,0,16,4.3
Shanghai,Kolkata,fedex,1,4,0.949,0.777,1,0,16,7.2
Dubai,Mumbai,ups,12,1,0.06,0.273,1,0,7,2.2
Shanghai,Mumbai,maersk,6,0,0.263,0.576,0,1,18,6.7
Singapore,Chennai,msc,6,5,0.715,0.171,0,1,10,5.0
Shanghai,Kolkata,cma_cgm,4,4,0.045,0.971,0,0,16,1.6
Guangzhou,Kolkata,fedex,5,5,0.319,0.449,0,0,14,0.0
Dubai,Mumbai,msc,12,1,0.38,0.871,1,0,7,6.8
Shanghai,Mumbai,dhl,2,1,0.662,0.448,0,0,18,0.0
Shanghai,Mumbai,dhl,3,4,0.909,0.512,0,0,18,0.0
Shanghai,Kolkata,cma_cgm,5,5,0.169,0.316,0,0,16,7.1
Shanghai,Kolkata,maersk,1,0,0.374,0.689,1,0,16,8.7
Dubai,Mumbai,msc,10,0,0.804,0.899,0,0,7,5.9
Colombo,Mumbai,ups,6,3,0.647,0.464,0,1,5,2.5
Shanghai,Kolkata,cma_cgm,2,2,0.956,0.215,0,0,16,10.0
Colombo,Mumbai,cma_cgm,12,0,0.378,0.464,1,0,5,5.2
Shanghai,Kolkata,cma_cgm,2,0,0.288,0.16,0,0,16,7.3
Shanghai,Kolkata,fedex,1,0,0.219,0.243,1,0,16,10.3
Rotterdam,Mumbai,fedex,1,5,0.395,0.322,1,0,22,7.0
Dubai,Mumbai,cma_cgm,5,1,0.461,0.891,0,0,7,4.5
Singapore,Chennai,fedex,5,0,0.949,0.078,0,0,10,3.3
Dubai,Mumbai,maersk,1,2,0.604,0.671,1,0,7,7.4
Shanghai,Mumbai,maersk,3,3,0.346,0.348,0,0,18,0.0
Shanghai,Kolkata,ups,7,6,0.033,0.47,0,1,16,1.2
Colombo,Mumbai,maersk,1,2,0.338,0.31,1,0,5,3.1
Guangzhou,Kolkata,ups,2,4,0.882,0.839,0,0,14,7.6
Shanghai,Mumbai,msc,5,5,0.379,0.34,0,0,18,6.4
Colombo,Mumbai,dhl,11,6,0.402,0.102,1,0,5,3.6
Guangzhou,Kolkata,dhl,12,5,0.337,0.718,1,0,14,2.1
Hamburg,Kolkata,maersk,9,2,0.134,0.944,0,1,25,0.0
Hamburg,Kolkata,msc,8,2,0.407,0.356,0,1,25,4.9
Colombo,Mumbai,cma_cgm,2,0,0.708,0.153,0,0,5,5.2
Hamburg,Kolkata,fedex,5,5,0.055,0.187,0,0,25,0.6
Colombo,Mumbai,ups,6,1,0.49,0.358,0,1,5,4.9
Shanghai,Kolkata,fedex,4,2,0.244,0.153,0,0,16,0.7
Rotterdam,Mumbai,msc,7,2,0.972,0.85,0,1,22,13.6
Rotterdam,Mumbai,cma_cgm,6,1,0.722,0.19,0,1,22,1.6
Colombo,Mumbai,dhl,5,2,0.563,0.803,0,0,5,3.3
Colombo,Mumbai,cma_cgm,1,2,0.995,0.957,1,0,5,9.0
Guangzhou,Kolkata,maersk,7,1,0.199,0.936,0,1,14,7.3
Rotterdam,Mumbai,fedex,3,1,0.792,0.193,0,0,22,0.0
Shanghai,Kolkata,cma_cgm,2,4,0.416,0.833,0,0,16,4.8
Rotterdam,Mumbai,ups,5,4,0.287,0.162,0,0,22,0.0
Rotterdam,Mumbai,fedex,10,4,0.196,0.642,0,0,22,0.0
Guangzhou,Kolkata,cma_cgm,5,0,0.255,0.263,0,0,14,4.3
Rotterdam,Mumbai,maersk,3,5,0.698,0.388,0,0,22,0.0
Guangzhou,Kolkata,cma_cgm,5,3,0.58,0.948,0,0,14,4.9
Guangzhou,Kolkata,ups,1,3,0.313,0.82,1,0,14,2.4
Rotterdam,Mumbai,maersk,10,1,0.286,0.298,0,0,22,7.8
Shanghai,Mumbai,maersk,3,4,0.319,0.767,0,0,18,1.8
Guangzhou,Kolkata,maersk,3,3,0.744,0.532,0,0,14,6.3
Rotterdam,Mumbai,msc,4,2,0.912,0.502,0,0,22,8.6
Colombo,Mumbai,cma_cgm,12,0,0.865,0.5,1,0,5,6.7
Shanghai,Mumbai,cma_cgm,8,1,0.481,0.499,0,1,18,3.1
Rotterdam,Mumbai,maersk,4,6,0.17,0.718,0,0,22,1.5
Guangzhou,Kolkata,ups,8,5,0.163,0.337,0,1,14,7.3
Colombo,Mumbai,dhl,10,5,0.131,0.458,0,0,5,1.7
Colombo,Mumbai,cma_cgm,5,5,0.429,0.727,0,0,5,3.3
Dubai,Mumbai,ups,9,6,0.395,0.768,0,1,7,1.8
Shanghai,Kolkata,dhl,5,6,0.688,0.792,0,0,16,0.0
Shanghai,Kolkata,ups,9,6,0.841,0.647,0,1,16,9.4
Dubai,Mumbai,msc,6,3,0.248,0.08,0,1,7,2.1
Shanghai,Mumbai,dhl,9,4,0.925,0.147,0,1,18,4.0
Shanghai,Kolkata,cma_cgm,5,3,0.267,0.477,0,0,16,3.6
Shanghai,Mumbai,maersk,2,0,0.185,0.681,0,0,18,7.7
Hamburg,Kolkata,msc,5,3,0.615,0.365,0,0,25,21.8
Singapore,Chennai,dhl,10,3,0.938,0.542,0,0,10,3.9
Dubai,Mumbai,dhl,1,0,0.253,0.517,1,0,7,3.8
Guangzhou,Kolkata,ups,9,5,0.712,0.869,0,1,14,5.3
Dubai,Mumbai,msc,1,5,0.776,0.971,1,0,7,8.8
Guangzhou,Kolkata,cma_cgm,9,3,0.429,0.305,0,1,14,6.2
Guangzhou,Kolkata,maersk,9,3,0.661,0.032,0,1,14,0.2
Colombo,Mumbai,maersk,10,4,0.697,0.596,0,0,5,2.3
Singapore,Chennai,ups,10,4,0.679,0.198,0,0,10,1.6
Dubai,Mumbai,ups,4,2,0.476,0.537,0,0,7,4.2
Colombo,Mumbai,msc,1,4,0.996,0.119,1,0,5,8.2
Hamburg,Kolkata,ups,1,6,0.359,0.118,1,0,25,10.8
Shanghai,Kolkata,msc,12,0,0.815,0.085,1,0,16,5.2
Shanghai,Kolkata,maersk,9,1,0.043,0.904,0,1,16,9.1
Hamburg,Kolkata,cma_cgm,5,5,0.483,0.336,0,0,25,4.4
Shanghai,Kolkata,cma_cgm,5,4,0.366,0.56,0,0,16,5.7
Rotterdam,Mumbai,ups,8,2,0.286,0.517,0,1,22,10.1
Dubai,Mumbai,cma_cgm,6,1,0.262,0.496,0,1,7,7.0
Colombo,Mumbai,fedex,1,1,0.563,0.964,1,0,5,5.5
Colombo,Mumbai,maersk,10,6,0.804,0.184,0,0,5,5.1
Hamburg,Kolkata,fedex,11,3,0.748,0.794,1,0,25,0.4
Rotterdam,Mumbai,fedex,9,1,0.831,0.042,0,1,22,4.3
Dubai,Mumbai,msc,5,1,0.917,0.391,0,0,7,4.8
Guangzhou,Kolkata,dhl,6,3,0.169,0.03,0,1,14,3.7
Hamburg,Kolkata,maersk,9,1,0.938,0.123,0,1,25,4.4
Shanghai,Mumbai,msc,11,6,0.434,0.278,1,0,18,6.2
Rotterdam,Mumbai,dhl,10,2,0.092,0.445,0,0,22,5.7
Shanghai,Kolkata,dhl,9,6,0.311,0.568,0,1,16,3.0
Guangzhou,Kolkata,cma_cgm,9,4,0.083,0.824,0,1,14,5.6
Hamburg,Kolkata,dhl,12,4,0.08,0.837,1,0,25,0.0
Guangzhou,Kolkata,msc,2,1,0.569,0.928,0,0,14,4.3
Dubai,Mumbai,fedex,4,1,0.166,0.349,0,0,7,2.8
Rotterdam,Mumbai,dhl,4,2,0.588,0.571,0,0,22,7.0
Hamburg,Kolkata,fedex,2,5,0.362,0.738,0,0,25,0.0
Hamburg,Kolkata,ups,2,2,0.568,0.832,0,0,25,6.0
Shanghai,Kolkata,dhl,5,6,0.186,0.485,0,0,16,0.0
Singapore,Chennai,msc,6,6,0.953,0.608,0,1,10,9.9
Dubai,Mumbai,cma_cgm,7,0,0.583,0.948,0,1,7,8.1
Shanghai,Mumbai,dhl,8,0,0.947,0.397,0,1,18,5.4
Colombo,Mumbai,msc,2,4,0.914,0.751,0,0,5,5.8
Hamburg,Kolkata,dhl,3,3,0.054,0.763,0,0,25,4.0
Hamburg,Kolkata,msc,1,5,0.333,0.503,1,0,25,2.9
Hamburg,Kolkata,fedex,10,2,0.029,0.909,0,0,25,0.2
Colombo,Mumbai,fedex,11,6,0.702,0.279,1,0,5,3.7
Colombo,Mumbai,dhl,1,2,0.878,0.895,1,0,5,7.2
Shanghai,Mumbai,fedex,12,2,0.894,0.292,1,0,18,2.2
Rotterdam,Mumbai,dhl,12,0,0.225,0.558,1,0,22,4.2
Colombo,Mumbai,maersk,11,5,0.232,0.001,1,0,5,3.3
Rotterdam,Mumbai,ups,4,3,0.477,0.448,0,0,22,9.4
Colombo,Mumbai,cma_cgm,2,2,0.317,0.258,0,0,5,2.5
Colombo,Mumbai,maersk,6,3,0.752,0.504,0,1,5,5.5
Shanghai,Kolkata,maersk,5,1,0.636,0.304,0,0,16,2.8
Dubai,Mumbai,dhl,2,1,0.021,0.348,0,0,7,0.0
Colombo,Mumbai,cma_cgm,6,5,0.017,0.618,0,1,5,2.1
Colombo,Mumbai,msc,12,0,0.979,0.965,1,0,5,9.7
Shanghai,Kolkata,fedex,1,0,0.241,0.168,1,0,16,3.2
Rotterdam,Mumbai,dhl,6,3,0.223,0.261,0,1,22,4.0
Shanghai,Mumbai,maersk,3,1,0.168,0.263,0,0,18,0.0
Shanghai,Kolkata,dhl,2,5,0.916,0.958,0,0,16,5.0
Singapore,Chennai,maersk,2,0,0.683,0.644,0,0,10,4.9
Colombo,Mumbai,cma_cgm,9,3,0.435,0.201,0,1,5,4.0
Colombo,Mumbai,dhl,7,3,0.123,0.486,0,1,5,3.6
Hamburg,Kolkata,fedex,6,6,0.868,0.37,0,1,25,8.0
Singapore,Chennai,cma_cgm,12,1,0.519,0.858,1,0,10,8.2
Shanghai,Kolkata,ups,6,3,0.49,0.539,0,1,16,3.6
Colombo,Mumbai,msc,6,2,0.901,0.834,0,1,5,9.7
Singapore,Chennai,maersk,6,2,0.034,0.674,0,1,10,5.4
Shanghai,Kolkata,dhl,2,5,0.462,0.021,0,0,16,1.0
Hamburg,Kolkata,maersk,5,6,0.763,0.427,0,0,25,0.0
Colombo,Mumbai,cma_cgm,8,1,0.679,0.471,0,1,5,4.2
Colombo,Mumbai,msc,3,2,0.097,0.013,0,0,5,0.0
Shanghai,Mumbai,dhl,2,4,0.301,0.019,0,0,18,0.0
Dubai,Mumbai,msc,5,4,0.763,0.201,0,0,7,5.0
Dubai,Mumbai,fedex,3,2,0.172,0.305,0,0,7,0.0
Shanghai,Mumbai,maersk,7,6,0.028,0.629,0,1,18,1.5
Shanghai,Kolkata,dhl,6,6,0.119,0.57,0,1,16,2.9
Hamburg,Kolkata,ups,5,3,0.542,0.091,0,0,25,3.1
Shanghai,Kolkata,fedex,3,4,0.965,0.26,0,0,16,4.2
Shanghai,Mumbai,dhl,11,1,0.194,0.262,1,0,18,1.3
Singapore,Chennai,ups,5,2,0.648,0.452,0,0,10,1.4
Shanghai,Mumbai,maersk,7,3,0.274,0.506,0,1,18,0.0
Dubai,Mumbai,msc,3,5,0.51,0.13,0,0,7,2.3
Shanghai,Mumbai,fedex,2,4,0.253,0.04,0,0,18,1.8
Guangzhou,Kolkata,fedex,12,0,0.012,0.588,1,0,14,6.2
Dubai,Mumbai,dhl,4,4,0.68,0.669,0,0,7,3.6
Shanghai,Mumbai,maersk,6,3,0.042,0.471,0,1,18,0.0
Hamburg,Kolkata,cma_cgm,12,2,0.432,0.979,1,0,25,1.1
Rotterdam,Mumbai,dhl,11,3,0.48,0.624,1,0,22,2.4
Singapore,Chennai,fedex,10,6,0.456,0.749,0,0,10,5.1
Shanghai,Mumbai,ups,1,0,0.713,0.164,1,0,18,5.5
Shanghai,Kolkata,maersk,6,2,0.317,0.677,0,1,16,5.6
Guangzhou,Kolkata,ups,3,6,0.874,0.359,0,0,14,6.7
Guangzhou,Kolkata,maersk,12,6,0.908,0.309,1,0,14,3.9
Singapore,Chennai,fedex,9,0,0.953,0.054,0,1,10,5.7
Guangzhou,Kolkata,msc,5,6,0.79,0.423,0,0,14,10.3
Rotterdam,Mumbai,dhl,1,5,0.2,0.242,1,0,22,0.0
Shanghai,Kolkata,msc,5,1,0.712,0.58,0,0,16,3.4
Colombo,Mumbai,cma_cgm,2,2,0.166,0.786,0,0,5,2.3
Singapore,Chennai,cma_cgm,6,1,0.566,0.142,0,1,10,1.6
Guangzhou,Kolkata,msc,1,1,0.873,0.227,1,0,14,6.7
Colombo,Mumbai,msc,1,6,0.285,0.765,1,0,5,5.2
Shanghai,Mumbai,msc,9,2,0.623,0.653,0,1,18,3.8
Shanghai,Kolkata,cma_cgm,8,2,0.958,0.868,0,1,16,9.0
Shanghai,Mumbai,cma_cgm,6,1,0.819,0.366,0,1,18,12.5
Singapore,Chennai,dhl,6,0,0.183,0.131,0,1,10,5.1
Dubai,Mumbai,maersk,2,4,0.243,0.795,0,0,7,1.5
Dubai,Mumbai,ups,3,5,0.143,0.31,0,0,7,4.8
Singapore,Chennai,ups,7,0,0.809,0.471,0,1,10,3.5
Colombo,Mumbai,dhl,6,3,0.609,0.399,0,1,5,2.6
Shanghai,Mumbai,fedex,11,6,0.818,0.568,1,0,18,6.9
Rotterdam,Mumbai,ups,1,3,0.295,0.194,1,0,22,8.8
Rotterdam,Mumbai,fedex,12,1,0.157,0.643,1,0,22,0.0
Dubai,Mumbai,msc,10,5,0.205,0.293,0,0,7,2.8
Rotterdam,Mumbai,msc,11,2,0.847,0.376,1,0,22,10.1
Colombo,Mumbai,dhl,11,4,0.908,0.363,1,0,5,5.5
Colombo,Mumbai,maersk,7,1,0.456,0.344,0,1,5,5.6
Colombo,Mumbai,cma_cgm,2,5,0.716,0.394,0,0,5,5.0
Colombo,Mumbai,cma_cgm,9,6,0.994,0.729,0,1,5,5.9
Rotterdam,Mumbai,cma_cgm,9,4,0.524,0.505,0,1,22,3.9
Hamburg,Kolkata,ups,9,6,0.52,0.696,0,1,25,16.8
Hamburg,Kolkata,dhl,3,5,0.714,0.435,0,0,25,0.0
Shanghai,Mumbai,cma_cgm,12,2,0.487,0.355,1,0,18,8.6
Rotterdam,Mumbai,maersk,5,5,0.607,0.104,0,0,22,0.0
Colombo,Mumbai,fedex,12,1,0.534,0.141,1,0,5,5.7
Dubai,Mumbai,fedex,2,4,0.463,0.601,0,0,7,4.2
Hamburg,Kolkata,dhl,4,2,0.066,0.532,0,0,25,4.5
Rotterdam,Mumbai,dhl,10,0,0.327,0.442,0,0,22,3.5
Shanghai,Kolkata,dhl,1,4,0.62,0.544,1,0,16,7.7
Colombo,Mumbai,cma_cgm,11,5,0.09,0.127,1,0,5,4.2
Hamburg,Kolkata,fedex,3,2,0.445,0.714,0,0,25,9.6
Guangzhou,Kolkata,msc,6,3,0.336,0.003,0,1,14,4.4
Guangzhou,Kolkata,dhl,7,4,0.82,0.825,0,1,14,2.6
Shanghai,Kolkata,ups,7,0,0.297,0.159,0,1,16,0.0
Shanghai,Kolkata,cma_cgm,4,2,0.576,0.583,0,0,16,4.3
Dubai,Mumbai,cma_cgm,2,0,0.31,0.971,0,0,7,7.1
Singapore,Chennai,maersk,10,6,0.231,0.047,0,0,10,3.1
Shanghai,Kolkata,ups,6,1,0.343,0.46,0,1,16,5.0
Guangzhou,Kolkata,msc,5,5,0.449,0.653,0,0,14,2.6
Shanghai,Kolkata,dhl,12,6,0.894,0.01,1,0,16,7.3
Singapore,Chennai,ups,5,1,0.161,0.321,0,0,10,1.9
Hamburg,Kolkata,cma_cgm,4,2,0.594,0.64,0,0,25,2.4
Shanghai,Mumbai,cma_cgm,11,5,0.548,0.61,1,0,18,5.8
Rotterdam,Mumbai,fedex,2,0,0.661,0.911,0,0,22,0.0
Shanghai,Kolkata,fedex,11,4,0.963,0.024,1,0,16,8.8
Shanghai,Kolkata,maersk,11,0,0.348,0.39,1,0,16,0.9
Singapore,Chennai,dhl,8,3,0.874,0.135,0,1,10,3.8
Shanghai,Kolkata,fedex,8,3,0.962,0.654,0,1,16,3.2
Colombo,Mumbai,cma_cgm,6,5,0.208,0.525,0,1,5,5.6
Rotterdam,Mumbai,ups,2,3,0.959,0.444,0,0,22,6.4
Dubai,Mumbai,dhl,4,6,0.168,0.42,0,0,7,0.0
Guangzhou,Kolkata,msc,6,1,0.688,0.47,0,1,14,5.7
Shanghai,Mumbai,fedex,11,4,0.392,0.362,1,0,18,6.7
Singapore,Chennai,ups,4,3,0.432,0.539,0,0,10,2.0
Guangzhou,Kolkata,ups,10,5,0.471,0.048,0,0,14,1.3
Rotterdam,Mumbai,maersk,9,6,0.003,0.245,0,1,22,7.5
Shanghai,Mumbai,cma_cgm,7,6,0.909,0.215,0,1,18,4.0
Dubai,Mumbai,msc,3,6,0.614,0.188,0,0,7,2.6
Shanghai,Kolkata,cma_cgm,9,0,0.954,0.247,0,1,16,5.1
Hamburg,Kolkata,fedex,8,0,0.847,0.309,0,1,25,15.2
Singapore,Chennai,cma_cgm,12,1,0.128,0.225,1,0,10,4.0
Colombo,Mumbai,msc,12,6,0.727,0.371,1,0,5,6.6
Guangzhou,Kolkata,msc,2,2,0.166,0.982,0,0,14,4.0
Shanghai,Kolkata,cma_cgm,2,2,0.662,0.116,0,0,16,0.9
Shanghai,Kolkata,maersk,9,5,0.136,0.898,0,1,16,2.2
Shanghai,Mumbai,msc,4,6,0.366,0.95,0,0,18,0.0
Guangzhou,Kolkata,dhl,10,4,0.997,0.268,0,0,14,3.3
Dubai,Mumbai,dhl,1,3,0.553,0.025,1,0,7,4.3
Guangzhou,Kolkata,msc,7,2,0.799,0.857,0,1,14,11.7
Singapore,Chennai,maersk,1,4,0.394,0.611,1,0,10,5.1
Shanghai,Mumbai,fedex,8,4,0.656,0.018,0,1,18,2.3
Rotterdam,Mumbai,dhl,6,1,0.606,0.558,0,1,22,6.5
Rotterdam,Mumbai,dhl,1,5,0.031,0.283,1,0,22,0.0
Hamburg,Kolkata,ups,5,0,0.705,0.227,0,0,25,3.1
Dubai,Mumbai,msc,7,0,0.588,0.354,0,1,7,10.4
Shanghai,Mumbai,cma_cgm,5,4,0.002,0.889,0,0,18,0.6
Colombo,Mumbai,cma_cgm,4,4,0.443,0.494,0,0,5,3.2
Shanghai,Mumbai,maersk,11,0,0.669,0.633,1,0,18,0.0
Shanghai,Mumbai,msc,11,4,0.863,0.509,1,0,18,0.0
Colombo,Mumbai,maersk,1,4,0.196,0.671,1,0,5,3.6
Hamburg,Kolkata,msc,5,0,0.645,0.411,0,0,25,8.2
Shanghai,Kolkata,fedex,12,2,0.372,0.776,1,0,16,4.9
Guangzhou,Kolkata,msc,5,2,0.758,0.118,0,0,14,5.6
Dubai,Mumbai,maersk,5,3,0.666,0.135,0,0,7,5.1
Dubai,Mumbai,msc,4,1,0.817,0.655,0,0,7,1.1
Rotterdam,Mumbai,dhl,6,4,0.969,0.2,0,1,22,5.8
Shanghai,Kolkata,maersk,5,4,0.549,0.797,0,0,16,4.5
Hamburg,Kolkata,ups,4,1,0.402,0.799,0,0,25,0.0
Shanghai,Mumbai,maersk,5,5,0.097,0.132,0,0,18,5.9
Shanghai,Kolkata,cma_cgm,2,4,0.375,0.626,0,0,16,6.9
Colombo,Mumbai,ups,11,4,0.709,0.134,1,0,5,5.3
Guangzhou,Kolkata,dhl,12,0,0.673,0.432,1,0,14,8.7
Shanghai,Kolkata,dhl,2,2,0.205,0.646,0,0,16,1.3
Guangzhou,Kolkata,dhl,7,3,0.744,0.74,0,1,14,9.1
Dubai,Mumbai,maersk,12,2,0.1,0.932,1,0,7,3.4
Singapore,Chennai,cma_cgm,4,2,0.695,0.055,0,0,10,3.1
Singapore,Chennai,dhl,2,4,0.08,0.855,0,0,10,4.1
Shanghai,Mumbai,dhl,1,1,0.216,0.128,1,0,18,0.0
Shanghai,Mumbai,maersk,8,6,0.589,0.79,0,1,18,10.4
Rotterdam,Mumbai,dhl,12,6,0.415,0.842,1,0,22,12.9
Dubai,Mumbai,maersk,12,0,0.89,0.859,1,0,7,12.7
Hamburg,Kolkata,fedex,2,6,0.025,0.75,0,0,25,0.6
Shanghai,Mumbai,fedex,3,6,0.42,0.577,0,0,18,0.0
Dubai,Mumbai,ups,7,1,0.904,0.198,0,1,7,4.2
Guangzhou,Kolkata,msc,10,4,0.662,0.311,0,0,14,0.7
Dubai,Mumbai,maersk,2,2,0.929,0.223,0,0,7,2.1
Dubai,Mumbai,msc,12,0,0.187,0.033,1,0,7,3.0
Guangzhou,Kolkata,msc,2,1,0.395,0.744,0,0,14,0.4
Guangzhou,Kolkata,maersk,10,1,0.577,0.657,0,0,14,2.8
Hamburg,Kolkata,maersk,3,0,0.668,0.74,0,0,25,0.0
Colombo,Mumbai,fedex,11,3,0.317,0.704,1,0,5,5.2
Rotterdam,Mumbai,msc,10,5,0.69,0.906,0,0,22,1.4
Shanghai,Kolkata,maersk,10,0,0.254,0.801,0,0,16,3.7
Shanghai,Kolkata,msc,9,0,0.836,0.755,0,1,16,5.8
Dubai,Mumbai,ups,3,6,0.564,0.533,0,0,7,3.7
Shanghai,Kolkata,maersk,10,2,0.87,0.676,0,0,16,2.2
Guangzhou,Kolkata,dhl,11,3,0.241,0.877,1,0,14,2.0
Rotterdam,Mumbai,cma_cgm,4,4,0.931,0.398,0,0,22,0.0
Shanghai,Kolkata,fedex,7,6,0.666,0.072,0,1,16,3.6
Shanghai,Mumbai,cma_cgm,7,2,0.489,0.191,0,1,18,9.3
Dubai,Mumbai,ups,10,3,0.086,0.094,0,0,7,1.9
Singapore,Chennai,msc,12,2,0.968,0.887,1,0,10,5.7
Colombo,Mumbai,ups,8,0,0.368,0.713,0,1,5,4.1
Shanghai,Kolkata,dhl,2,4,0.133,0.655,0,0,16,0.0
Guangzhou,Kolkata,fedex,10,5,0.599,0.937,0,0,14,5.5
Shanghai,Kolkata,dhl,12,5,0.721,0.049,1,0,16,2.1
Shanghai,Kolkata,fedex,2,0,0.082,0.301,0,0,16,1.5
Rotterdam,Mumbai,msc,12,2,0.964,0.444,1,0,22,0.1
Shanghai,Kolkata,msc,2,3,0.548,0.743,0,0,16,3.9
Colombo,Mumbai,dhl,7,5,0.392,0.905,0,1,5,3.2
Guangzhou,Kolkata,maersk,12,6,0.647,0.953,1,0,14,5.9
Dubai,Mumbai,msc,8,4,0.731,0.989,0,1,7,3.1
Hamburg,Kolkata,msc,8,5,0.353,0.969,0,1,25,0.6
Dubai,Mumbai,maersk,12,1,0.898,0.519,1,0,7,3.7
Dubai,Mumbai,fedex,1,3,0.953,0.423,1,0,7,7.2
Shanghai,Mumbai,ups,5,3,0.957,0.368,0,0,18,2.6
Rotterdam,Mumbai,msc,3,4,0.889,0.642,0,0,22,9.4
Hamburg,Kolkata,cma_cgm,1,5,0.866,0.742,1,0,25,9.2
Guangzhou,Kolkata,cma_cgm,6,5,0.382,0.447,0,1,14,6.9
Colombo,Mumbai,fedex,7,1,0.122,0.116,0,1,5,0.7
Hamburg,Kolkata,cma_cgm,5,6,0.671,0.469,0,0,25,9.6
Shanghai,Kolkata,dhl,5,3,0.74,0.434,0,0,16,2.2
Dubai,Mumbai,ups,11,6,0.18,0.663,1,0,7,1.5
Shanghai,Kolkata,cma_cgm,12,2,0.762,0.329,1,0,16,8.7
Hamburg,Kolkata,cma_cgm,1,4,0.065,0.626,1,0,25,15.1
Shanghai,Kolkata,msc,10,5,0.94,0.555,0,0,16,2.0
Shanghai,Kolkata,maersk,6,4,0.175,0.325,0,1,16,4.9
Shanghai,Kolkata,cma_cgm,10,2,0.091,0.667,0,0,16,0.0
Hamburg,Kolkata,dhl,10,1,0.834,0.352,0,0,25,4.5
Singapore,Chennai,cma_cgm,4,4,0.327,0.488,0,0,10,1.7
Shanghai,Kolkata,fedex,4,3,0.39,0.606,0,0,16,3.6
Shanghai,Kolkata,cma_cgm,11,0,0.12,0.912,1,0,16,5.6
Hamburg,Kolkata,ups,12,3,0.038,0.275,1,0,25,0.0
Shanghai,Mumbai,dhl,5,1,0.429,0.441,0,0,18,5.4
Shanghai,Mumbai,ups,2,1,0.765,0.915,0,0,18,0.0
Rotterdam,Mumbai,maersk,6,4,0.636,0.394,0,1,22,0.0
Dubai,Mumbai,dhl,1,6,0.835,0.558,1,0,7,5.9
Colombo,Mumbai,maersk,6,1,0.671,0.019,0,1,5,4.2
Hamburg,Kolkata,ups,9,3,0.343,0.668,0,1,25,0.0
Rotterdam,Mumbai,ups,11,5,0.347,0.596,1,0,22,0.0
Dubai,Mumbai,dhl,5,0,0.902,0.329,0,0,7,5.4
Rotterdam,Mumbai,cma_cgm,3,0,0.546,0.338,0,0,22,2.2
Hamburg,Kolkata,msc,7,3,0.674,0.204,0,1,25,4.7
Shanghai,Kolkata,ups,10,3,0.664,0.246,0,0,16,3.6
Dubai,Mumbai,ups,7,2,0.604,0.817,0,1,7,3.8
Dubai,Mumbai,cma_cgm,4,5,0.634,0.222,0,0,7,5.3
Guangzhou,Kolkata,msc,2,1,0.44,0.707,0,0,14,0.0
Colombo,Mumbai,ups,11,1,0.042,0.011,1,0,5,2.8
Shanghai,Mumbai,dhl,1,6,0.664,0.214,1,0,18,0.0
Guangzhou,Kolkata,fedex,3,5,0.051,0.954,0,0,14,0.9
Colombo,Mumbai,msc,5,6,0.108,0.509,0,0,5,2.9
Colombo,Mumbai,dhl,2,2,0.602,0.455,0,0,5,2.8
